Time,Symbol,Price,Quantity,Type,Status,Value,Tag 
2019-08-02T15:22:23Z,AAPL,200.783816988,496,Market,Filled,99588.773226048, 
2019-08-05T15:41:00Z,AAPL,192.621230472,-496,Market,Filled,-95540.130314112, 
2019-08-08T17:59:23Z,AAPL,199.904313114,478,Market,Filled,95554.261668492, 
2019-08-20T20:10:29Z,AAPL,211.238073655,-238,Market On Open,Filled,-50274.66152989, 
2019-08-20T20:10:29Z,NKE,81.1475936,626,Market On Open,Filled,50798.3935936, 
2019-08-21T13:31:00Z,NKE,81.088217312,-3,Market,Filled,-243.264651936, 
2019-08-21T13:46:11Z,NKE,81.54343552,-1,Market,Filled,-81.54343552, 
2019-08-21T14:03:00Z,NKE,81.187177792,1,Market,Filled,81.187177792, 
2019-08-21T14:08:00Z,AAPL,211.555501143,-1,Market,Filled,-211.555501143, 
2019-08-21T16:00:07Z,NKE,81.602811808,-1,Market,Filled,-81.602811808, 
2019-08-21T18:00:00Z,NKE,81.454371088,-1,Market,Filled,-81.454371088, 
2019-08-21T18:00:00Z,AAPL,210.69249516,1,Market,Filled,210.69249516, 
2019-08-21T19:51:00Z,NKE,81.721564384,-1,Market,Filled,-81.721564384, 
2019-08-22T14:35:00Z,NKE,81.84031696,-1,Market,Filled,-81.84031696, 
2019-08-22T14:44:00Z,AAPL,210.19651471,1,Market,Filled,210.19651471, 
2019-08-22T15:13:00Z,NKE,82.077822112,-1,Market,Filled,-82.077822112, 
2019-08-22T15:42:00Z,NKE,82.008549776,1,Market,Filled,82.008549776, 
2019-08-22T17:18:00Z,NKE,82.265847024,-1,Market,Filled,-82.265847024, 
2019-08-22T18:34:00Z,AAPL,210.702414769,-241,Market,Filled,-50779.281959329, 
2019-08-22T18:34:00Z,NKE,82.33511936,617,Market,Filled,50800.76864512, 
2019-08-23T21:34:35Z,NKE,80.55383072,-1235,Market On Open,Filled,-99483.9809392, 
2019-08-26T14:18:15Z,AAPL,203.897562995,487,Market,Filled,99298.113178565, 
2019-08-26T16:16:32Z,AAPL,204.64153367,-243,Market,Filled,-49727.89268181, 
2019-08-26T16:16:32Z,NKE,80.989256832,616,Market,Filled,49889.382208512, 
2019-08-26T19:55:23Z,NKE,81.206969888,-1,Market,Filled,-81.206969888, 
2019-08-27T14:19:00Z,NKE,82.23615888,-2,Market,Filled,-164.47231776, 
2019-08-27T14:19:00Z,AAPL,204.978800376,1,Market,Filled,204.978800376, 
2019-08-27T15:20:00Z,NKE,81.632499952,-1,Market,Filled,-81.632499952, 
2019-08-27T15:20:00Z,AAPL,202.826245223,1,Market,Filled,202.826245223, 
2019-08-27T15:25:00Z,NKE,81.721564384,-1,Market,Filled,-81.721564384, 
2019-08-27T16:10:00Z,NKE,81.474163184,1,Market,Filled,81.474163184, 
2019-08-27T19:06:00Z,NKE,81.681980192,1,Market,Filled,81.681980192, 
2019-08-27T21:36:16Z,AAPL,202.3600236,-246,Market On Open,Filled,-49780.5658056, 
2019-08-27T21:36:16Z,NKE,81.276242224,611,Market On Open,Filled,49659.783998864, 
2019-08-27T22:45:20Z,NKE,80.811127968,-611,Market On Open,Filled,-49375.599188448, 
2019-08-27T22:45:20Z,AAPL,202.449300081,246,Market On Open,Filled,49802.527819926, 
2019-08-28T13:33:43Z,AAPL,202.498898126,-1,Market,Filled,-202.498898126, 
2019-08-28T13:33:43Z,NKE,81.266346176,-2,Market,Filled,-162.532692352, 
2019-08-28T13:48:13Z,NKE,81.771044624,-2,Market,Filled,-163.542089248, 
2019-08-28T14:00:35Z,NKE,82.216366784,-1,Market,Filled,-82.216366784, 
2019-08-28T14:49:00Z,AAPL,203.480939417,1,Market,Filled,203.480939417, 
2019-08-28T14:59:27Z,NKE,82.53304032,-1,Market,Filled,-82.53304032, 
2019-08-29T13:49:00Z,NKE,84.225264528,-1,Market,Filled,-84.225264528, 
2019-08-29T14:01:00Z,NKE,84.254952672,-1,Market,Filled,-84.254952672, 
2019-08-29T15:54:00Z,AAPL,206.446902508,1,Market,Filled,206.446902508, 
2019-08-29T23:11:51Z,NKE,84.790104698,-605,Market On Open,Filled,-51298.01334229, 
2019-08-29T23:11:51Z,AAPL,208.480422353,246,Market On Open,Filled,51286.183898838, 
2019-08-29T23:56:36Z,AAPL,208.341547827,-493,Market On Open,Filled,-102712.38307871, 
2019-08-30T19:14:51Z,AAPL,205.702931833,499,Market,Filled,102645.76298467, 
2019-09-12T14:39:00Z,AAPL,223.677263341,-499,Market,Filled,-111614.95440716, 
2019-09-16T16:08:07Z,NKE,86.645446329,644,Market,Filled,55799.667435876, 
2019-09-16T16:08:07Z,AAPL,217.269195927,256,Market,Filled,55620.914157312, 
2019-09-16T17:43:18Z,NKE,86.724819233,1,Market,Filled,86.724819233, 
2019-09-16T18:43:11Z,NKE,86.387484391,1,Market,Filled,86.387484391, 
2019-09-17T13:36:13Z,NKE,86.02038471,1,Market,Filled,86.02038471, 
2019-09-17T14:13:04Z,NKE,86.367641165,-1,Market,Filled,-86.367641165, 
2019-09-17T14:30:47Z,NKE,86.665289555,-1,Market,Filled,-86.665289555, 
2019-09-17T15:48:48Z,NKE,86.566073425,1,Market,Filled,86.566073425, 
2019-09-17T16:01:22Z,NKE,86.437092456,1,Market,Filled,86.437092456, 
2019-09-17T17:44:00Z,NKE,86.625603103,-1,Market,Filled,-86.625603103, 
2019-09-18T13:37:00Z,NKE,86.764505685,1,Market,Filled,86.764505685, 
2019-09-18T13:55:00Z,NKE,87.429253756,-1,Market,Filled,-87.429253756, 
2019-09-18T15:05:00Z,NKE,87.101840527,1,Market,Filled,87.101840527, 
2019-09-18T17:02:00Z,NKE,86.982781171,-1,Market,Filled,-86.982781171, 
2019-09-18T18:25:00Z,AAPL,218.152041128,-256,Market,Filled,-55846.922528768, 
2019-09-18T18:25:00Z,NKE,86.655367942,645,Market,Filled,55892.71232259, 
2019-09-21T00:12:11Z,NKE,85.82195245,-645,Market On Open,Filled,-55355.15933025, 
2019-09-21T00:12:11Z,AAPL,217.150160619,257,Market On Open,Filled,55807.591279083, 
2019-09-23T13:34:00Z,AAPL,217.447748889,-1,Market,Filled,-217.447748889, 
2019-09-23T13:34:00Z,NKE,86.347797939,-1,Market,Filled,-86.347797939, 
2019-09-23T13:38:00Z,NKE,86.357719552,-2,Market,Filled,-172.715439104, 
2019-09-23T13:59:00Z,NKE,86.91332988,-1,Market,Filled,-86.91332988, 
2019-09-23T14:09:14Z,NKE,86.91332988,-1,Market,Filled,-86.91332988, 
2019-09-23T14:09:14Z,AAPL,216.584742906,1,Market,Filled,216.584742906, 
2019-09-23T14:19:00Z,NKE,86.972859558,-1,Market,Filled,-86.972859558, 
2019-09-23T17:25:23Z,NKE,87.032389236,1,Market,Filled,87.032389236, 
2019-09-23T18:17:17Z,NKE,86.863721815,1,Market,Filled,86.863721815, 
2019-09-23T18:47:00Z,NKE,86.784348911,1,Market,Filled,86.784348911, 
2019-09-23T19:56:00Z,NKE,86.91332988,-1,Market,Filled,-86.91332988, 
2019-09-23T20:00:00Z,NKE,87.50862666,-1,Market On Open,Filled,-87.50862666, 
2019-09-24T13:32:45Z,NKE,87.439175369,2,Market,Filled,174.878350738, 
2019-09-24T13:34:36Z,AAPL,219.084484374,-1,Market,Filled,-219.084484374, 
2019-09-24T13:47:43Z,NKE,87.320116013,1,Market,Filled,87.320116013, 
2019-09-24T13:50:34Z,NKE,87.3101944,1,Market,Filled,87.3101944, 
2019-09-24T13:54:00Z,NKE,87.429253756,-1,Market,Filled,-87.429253756, 
2019-09-24T15:58:21Z,NKE,86.61568149,-1,Market,Filled,-86.61568149, 
2019-09-24T16:54:00Z,NKE,86.268425035,-1,Market,Filled,-86.268425035, 
2019-09-24T17:40:00Z,NKE,86.11960084,1,Market,Filled,86.11960084, 
2019-09-24T19:19:38Z,NKE,86.456935682,-1,Market,Filled,-86.456935682, 
2019-09-24T19:58:50Z,NKE,86.675211168,-1,Market,Filled,-86.675211168, 
2019-09-25T13:31:14Z,NKE,91.497115086,-15,Market,Filled,-1372.45672629, 
2019-09-25T13:31:14Z,AAPL,217.566784197,7,Market,Filled,1522.967489379, 
2019-09-25T13:33:00Z,NKE,91.943587671,-1,Market,Filled,-91.943587671, 
2019-09-25T13:37:00Z,NKE,91.169701857,1,Market,Filled,91.169701857, 
2019-09-25T13:44:41Z,NKE,90.911739919,1,Market,Filled,90.911739919, 
2019-09-25T13:48:00Z,NKE,91.060564114,-1,Market,Filled,-91.060564114, 
2019-09-25T13:51:00Z,NKE,91.258996374,-1,Market,Filled,-91.258996374, 
2019-09-25T14:07:03Z,NKE,91.199466696,1,Market,Filled,91.199466696, 
2019-09-25T14:16:23Z,NKE,90.891896693,1,Market,Filled,90.891896693, 
2019-09-25T14:32:25Z,NKE,91.556644764,-1,Market,Filled,-91.556644764, 
2019-09-25T14:46:59Z,NKE,91.070485727,1,Market,Filled,91.070485727, 
2019-09-25T15:07:00Z,NKE,90.951426371,1,Market,Filled,90.951426371, 
2019-09-25T15:21:05Z,AAPL,218.370272526,-1,Market,Filled,-218.370272526, 
2019-09-25T15:27:48Z,NKE,90.703386046,1,Market,Filled,90.703386046, 
2019-09-25T16:04:00Z,NKE,90.693464433,1,Market,Filled,90.693464433, 
2019-09-25T16:22:33Z,AAPL,218.776976495,-1,Market,Filled,-218.776976495, 
2019-09-25T16:22:33Z,NKE,90.475188947,1,Market,Filled,90.475188947, 
2019-09-25T16:38:00Z,NKE,90.18746217,1,Market,Filled,90.18746217, 
2019-09-25T17:01:48Z,NKE,89.69138152,1,Market,Filled,89.69138152, 
2019-09-25T17:08:00Z,AAPL,218.241317609,-1,Market,Filled,-218.241317609, 
2019-09-25T17:27:26Z,NKE,90.177540557,-1,Market,Filled,-90.177540557, 
2019-09-25T17:28:39Z,NKE,90.246991848,-1,Market,Filled,-90.246991848, 
2019-09-25T17:30:44Z,AAPL,218.261156827,1,Market,Filled,218.261156827, 
2019-09-25T18:57:00Z,NKE,90.157697331,1,Market,Filled,90.157697331, 
2019-09-25T19:28:00Z,AAPL,219.12416281,-1,Market,Filled,-219.12416281, 
2019-09-25T19:28:00Z,NKE,89.959265071,1,Market,Filled,89.959265071, 
2019-09-25T19:36:00Z,NKE,89.681459907,1,Market,Filled,89.681459907, 
2019-09-26T12:42:48Z,AAPL,218.062764647,-260,Market On Open,Filled,-56696.31880822, 
2019-09-26T12:42:48Z,NKE,90.961347984,632,Market On Open,Filled,57487.571925888, 
2019-09-26T13:31:00Z,NKE,91.020877662,-9,Market,Filled,-819.187898958, 
2019-09-27T16:47:56Z,NKE,91.546723151,-628,Market,Filled,-57491.342138828, 
2019-09-27T16:47:56Z,AAPL,217.348552799,264,Market,Filled,57380.017938936, 
2019-09-27T17:48:40Z,NKE,91.328447665,-1,Market,Filled,-91.328447665, 
2019-09-30T13:31:00Z,NKE,92.112255092,1,Market,Filled,92.112255092, 
2019-09-30T15:03:54Z,NKE,92.509119612,1,Market,Filled,92.509119612, 
2019-09-30T16:04:12Z,NKE,92.479354773,1,Market,Filled,92.479354773, 
2019-09-30T18:23:00Z,NKE,93.005200262,-1,Market,Filled,-93.005200262, 
2019-10-01T13:50:00Z,AAPL,225.849657712,-1,Market,Filled,-225.849657712, 
2019-10-01T13:50:00Z,NKE,93.342535104,4,Market,Filled,373.370140416, 
2019-10-01T13:51:00Z,AAPL,226.137326373,-1,Market,Filled,-226.137326373, 
2019-10-01T13:59:53Z,NKE,92.806768002,2,Market,Filled,185.613536004, 
2019-10-01T15:13:00Z,AAPL,224.649385023,-1,Market,Filled,-224.649385023, 
2019-10-01T15:32:00Z,NKE,92.261079287,1,Market,Filled,92.261079287, 
2019-10-01T16:05:00Z,NKE,92.112255092,-1,Market,Filled,-92.112255092, 
2019-10-01T18:22:01Z,NKE,91.457428634,1,Market,Filled,91.457428634, 
2019-10-01T19:57:53Z,NKE,91.546723151,-1,Market,Filled,-91.546723151, 
2019-10-02T13:42:16Z,NKE,90.832367015,-1,Market,Filled,-90.832367015, 
2019-10-02T13:42:16Z,AAPL,219.778857004,1,Market,Filled,219.778857004, 
2019-10-02T14:27:00Z,NKE,90.624013142,-1,Market,Filled,-90.624013142, 
2019-10-02T15:59:42Z,NKE,90.316443139,-1,Market,Filled,-90.316443139, 
2019-10-02T16:12:06Z,NKE,90.326364752,-1,Market,Filled,-90.326364752, 
2019-10-02T16:12:06Z,AAPL,217.001366484,1,Market,Filled,217.001366484, 
2019-10-02T16:35:00Z,NKE,90.58432669,-1,Market,Filled,-90.58432669, 
2019-10-02T17:06:32Z,NKE,90.276756687,1,Market,Filled,90.276756687, 
2019-10-02T17:26:35Z,NKE,90.058481201,1,Market,Filled,90.058481201, 
2019-10-02T18:56:00Z,NKE,90.733150885,-2,Market,Filled,-181.46630177, 
2019-10-03T13:43:00Z,NKE,90.842288628,-2,Market,Filled,-181.684577256, 
2019-10-03T13:43:00Z,AAPL,216.207797764,1,Market,Filled,216.207797764, 
2019-10-03T13:51:00Z,NKE,90.713307659,1,Market,Filled,90.713307659, 
2019-10-03T14:30:00Z,NKE,90.534718625,-1,Market,Filled,-90.534718625, 
2019-10-03T15:06:00Z,NKE,90.842288628,1,Market,Filled,90.842288628, 
2019-10-03T15:22:00Z,NKE,91.050642501,-630,Market,Filled,-57361.90477563, 
2019-10-03T15:22:00Z,AAPL,217.546944979,263,Market,Filled,57214.846529477, 
2019-10-03T15:59:18Z,AAPL,217.100562574,-263,Market,Filled,-57097.447956962, 
2019-10-03T15:59:18Z,NKE,91.219309922,627,Market,Filled,57194.507321094, 
2019-10-03T16:07:00Z,NKE,91.328447665,1,Market,Filled,91.328447665, 
2019-10-03T17:07:00Z,NKE,91.387977343,1,Market,Filled,91.387977343, 
2019-10-03T17:27:00Z,AAPL,218.796815713,-1,Market,Filled,-218.796815713, 
2019-10-04T05:06:22Z,AAPL,223.816137867,-263,Market On Open,Filled,-58863.644259021, 
2019-10-04T05:06:22Z,NKE,91.586409603,629,Market On Open,Filled,57607.851640287, 
2019-10-04T11:59:54Z,NKE,91.258996374,-629,Market On Open,Filled,-57401.908719246, 
2019-10-04T11:59:54Z,AAPL,223.826057476,263,Market On Open,Filled,58866.253116188, 
2019-10-04T13:38:33Z,AAPL,223.131684846,-2,Market,Filled,-446.263369692, 
2019-10-04T13:38:33Z,NKE,91.566566377,4,Market,Filled,366.266265508, 
2019-10-04T14:25:02Z,AAPL,223.320157417,-1,Market,Filled,-223.320157417, 
2019-10-04T14:25:02Z,NKE,91.507036699,1,Market,Filled,91.507036699, 
2019-10-04T15:06:57Z,NKE,91.298682826,1,Market,Filled,91.298682826, 
2019-10-04T16:33:12Z,NKE,91.814606702,-1,Market,Filled,-91.814606702, 
2019-10-04T18:53:34Z,NKE,92.032882188,1,Market,Filled,92.032882188, 
2019-10-04T19:31:00Z,NKE,92.221392835,-1,Market,Filled,-92.221392835, 
2019-10-07T13:53:00Z,NKE,92.211471222,1,Market,Filled,92.211471222, 
2019-10-07T15:25:00Z,NKE,92.330530578,1,Market,Filled,92.330530578, 
2019-10-07T16:09:36Z,AAPL,227.1590461,-1,Market,Filled,-227.1590461, 
2019-10-07T17:30:00Z,NKE,92.76708155,-1,Market,Filled,-92.76708155, 
2019-10-07T18:54:00Z,NKE,92.409903482,-1,Market,Filled,-92.409903482, 
2019-10-07T18:54:00Z,AAPL,224.827937985,1,Market,Filled,224.827937985, 
2019-10-08T13:31:00Z,AAPL,224.450992843,-2,Market,Filled,-448.901985686, 
2019-10-08T13:31:00Z,NKE,90.207305396,6,Market,Filled,541.243832376, 
2019-10-08T13:39:37Z,NKE,90.673621207,-1,Market,Filled,-90.673621207, 
2019-10-08T13:41:00Z,NKE,90.832367015,-1,Market,Filled,-90.832367015, 
2019-10-08T14:35:00Z,NKE,90.931583145,-1,Market,Filled,-90.931583145, 
2019-10-08T16:08:00Z,AAPL,223.835977085,1,Market,Filled,223.835977085, 
2019-10-08T16:31:00Z,NKE,91.437585408,-1,Market,Filled,-91.437585408, 
2019-10-08T20:13:22Z,NKE,91.665782507,-1,Market On Open,Filled,-91.665782507, 
2019-10-08T21:29:52Z,AAPL,225.204883127,-259,Market On Open,Filled,-58328.064729893, 
2019-10-08T21:29:52Z,NKE,91.685625733,634,Market On Open,Filled,58128.686714722, 
2019-10-09T13:51:00Z,NKE,91.546723151,3,Market,Filled,274.640169453, 
2019-10-09T15:46:23Z,NKE,91.705468959,-635,Market,Filled,-58232.972788965, 
2019-10-09T15:46:23Z,AAPL,224.956892902,259,Market,Filled,58263.835261618, 
2019-10-09T16:16:22Z,NKE,92.042803801,-1,Market,Filled,-92.042803801, 
2019-10-10T14:03:02Z,NKE,92.399981869,2,Market,Filled,184.799963738, 
2019-10-10T17:55:00Z,AAPL,227.774061858,-259,Market,Filled,-58993.482021222, 
2019-10-10T17:55:00Z,NKE,92.509119612,637,Market,Filled,58928.309192844, 
2019-10-10T23:46:09Z,NKE,93.203632522,-637,Market On Open,Filled,-59370.713916514, 
2019-10-10T23:46:09Z,AAPL,231.1268897,257,Market On Open,Filled,59399.6106529, 
2019-10-11T13:31:00Z,NKE,93.46159446,-1,Market,Filled,-93.46159446, 
2019-10-11T14:04:00Z,NKE,93.382221556,1,Market,Filled,93.382221556, 
2019-10-11T16:03:37Z,NKE,93.302848652,1,Market,Filled,93.302848652, 
2019-10-11T17:16:00Z,AAPL,232.793384012,-1,Market,Filled,-232.793384012, 
2019-10-11T17:16:00Z,NKE,93.025043488,1,Market,Filled,93.025043488, 
2019-10-11T19:25:26Z,NKE,93.630261881,1,Market,Filled,93.630261881, 
2019-10-11T20:01:44Z,NKE,93.699713172,1,Market On Open,Filled,93.699713172, 
2019-10-14T09:32:54Z,NKE,93.2631622,-642,Market On Open,Filled,-59874.9501324, 
2019-10-14T09:32:54Z,AAPL,233.259605635,254,Market On Open,Filled,59247.93983129, 
2019-10-14T13:31:00Z,AAPL,234.30116458,1,Market,Filled,234.30116458, 
2019-10-22T20:49:29Z,AAPL,240.15373389,-255,Market On Open,Filled,-61239.20214195, 
2019-10-22T20:49:29Z,NKE,94.245401887,642,Market On Open,Filled,60505.548011454, 
2019-10-23T13:31:00Z,NKE,94.175950596,11,Market,Filled,1035.935456556, 
2019-10-23T13:38:00Z,AAPL,240.411643724,-1,Market,Filled,-240.411643724, 
2019-10-23T13:38:00Z,NKE,93.570732203,1,Market,Filled,93.570732203, 
2019-10-23T13:44:00Z,NKE,93.243318974,2,Market,Filled,186.486637948, 
2019-10-23T14:21:00Z,AAPL,239.608155395,-1,Market,Filled,-239.608155395, 
2019-10-23T14:21:00Z,NKE,92.519041225,1,Market,Filled,92.519041225, 
2019-10-23T14:24:14Z,NKE,92.380138643,1,Market,Filled,92.380138643, 
2019-10-23T17:01:18Z,AAPL,240.729071212,-1,Market,Filled,-240.729071212, 
2019-10-23T17:01:18Z,NKE,92.350373804,1,Market,Filled,92.350373804, 
2019-10-23T17:26:50Z,NKE,92.102333479,1,Market,Filled,92.102333479, 
2019-10-23T19:14:00Z,NKE,91.824528315,1,Market,Filled,91.824528315, 
2019-10-23T19:53:00Z,AAPL,240.986981046,-1,Market,Filled,-240.986981046, 
2019-10-23T19:53:00Z,NKE,91.685625733,1,Market,Filled,91.685625733, 
2019-10-23T20:57:33Z,NKE,91.953509284,-662,Market On Open,Filled,-60873.223146008, 
2019-10-23T20:57:33Z,AAPL,242.584038095,251,Market On Open,Filled,60888.593561845, 
2019-10-31T11:51:52Z,AAPL,245.123457999,-251,Market On Open,Filled,-61525.987957749, 
2019-10-31T11:51:52Z,NKE,89.502870873,678,Market On Open,Filled,60682.946451894, 
2019-10-31T13:32:51Z,NKE,89.373889904,10,Market,Filled,893.73889904, 
2019-10-31T13:41:48Z,NKE,89.701303133,1,Market,Filled,89.701303133, 
2019-10-31T13:59:39Z,AAPL,245.202814871,-1,Market,Filled,-245.202814871, 
2019-10-31T13:59:39Z,NKE,89.076241514,1,Market,Filled,89.076241514, 
2019-10-31T14:52:01Z,NKE,88.848044415,1,Market,Filled,88.848044415, 
2019-10-31T15:10:54Z,NKE,88.828201189,1,Market,Filled,88.828201189, 
2019-10-31T15:12:30Z,AAPL,246.125338508,-1,Market,Filled,-246.125338508, 
2019-10-31T15:15:49Z,NKE,88.738906672,1,Market,Filled,88.738906672, 
2019-10-31T17:06:00Z,NKE,88.471023121,1,Market,Filled,88.471023121, 
2019-10-31T17:37:00Z,NKE,88.788514737,-1,Market,Filled,-88.788514737, 
2019-10-31T19:19:00Z,NKE,88.490866347,1,Market,Filled,88.490866347, 
2019-11-01T13:31:00Z,NKE,89.562400551,-1,Market,Filled,-89.562400551, 
2019-11-01T13:33:00Z,NKE,89.760832811,-1,Market,Filled,-89.760832811, 
2019-11-01T13:42:00Z,NKE,89.512792486,1,Market,Filled,89.512792486, 
2019-11-01T13:48:00Z,NKE,89.334203452,1,Market,Filled,89.334203452, 
2019-11-01T14:00:00Z,AAPL,249.736076184,-1,Market,Filled,-249.736076184, 
2019-11-01T14:00:00Z,NKE,89.344125065,1,Market,Filled,89.344125065, 
2019-11-01T14:03:00Z,NKE,89.39373313,1,Market,Filled,89.39373313, 
2019-11-01T14:22:00Z,NKE,89.234987322,1,Market,Filled,89.234987322, 
2019-11-01T14:35:00Z,NKE,89.165536031,1,Market,Filled,89.165536031, 
2019-11-01T14:39:08Z,AAPL,251.124821444,-1,Market,Filled,-251.124821444, 
2019-11-01T15:52:00Z,AAPL,251.710078375,-248,Market,Filled,-62424.099437, 
2019-11-01T15:52:00Z,NKE,89.205222483,699,Market,Filled,62354.450515617, 
2019-11-01T20:29:59Z,NKE,89.423497969,-698,Market On Open,Filled,-62417.601582362, 
2019-11-01T20:29:59Z,AAPL,255.310896442,243,Market On Open,Filled,62040.547835406, 
2019-11-04T14:31:27Z,AAPL,255.548967058,1,Market,Filled,255.548967058, 
2019-11-04T14:35:00Z,AAPL,255.52912784,1,Market,Filled,255.52912784, 
2019-11-04T14:45:00Z,NKE,89.39373313,-1,Market,Filled,-89.39373313, 
2019-11-04T14:53:37Z,NKE,89.552478938,-1,Market,Filled,-89.552478938, 
2019-11-04T14:54:36Z,NKE,89.69138152,-1,Market,Filled,-89.69138152, 
2019-11-04T15:01:00Z,NKE,89.711224746,1,Market,Filled,89.711224746, 
2019-11-04T15:30:00Z,NKE,89.602087003,1,Market,Filled,89.602087003, 
2019-11-04T16:21:53Z,NKE,89.115927966,1,Market,Filled,89.115927966, 
2019-11-04T17:17:22Z,NKE,88.719063446,1,Market,Filled,88.719063446, 
2019-11-04T17:30:28Z,NKE,88.947260545,-1,Market,Filled,-88.947260545, 
2019-11-04T19:03:43Z,NKE,88.927417319,1,Market,Filled,88.927417319, 
2019-11-04T20:34:57Z,AAPL,255.33073566,-1,Market,Filled,-255.33073566, 
2019-11-04T20:34:57Z,NKE,88.828201189,1,Market,Filled,88.828201189, 
2019-11-05T14:31:00Z,NKE,89.383811517,-3,Market,Filled,-268.151434551, 
2019-11-05T14:31:00Z,AAPL,254.656202248,1,Market,Filled,254.656202248, 
2019-11-05T14:54:00Z,NKE,89.175457644,1,Market,Filled,89.175457644, 
2019-11-05T15:36:16Z,NKE,89.175457644,1,Market,Filled,89.175457644, 
2019-11-05T16:14:58Z,NKE,89.453262808,-1,Market,Filled,-89.453262808, 
2019-11-05T17:31:00Z,NKE,89.155614418,1,Market,Filled,89.155614418, 
2019-11-06T14:36:49Z,NKE,89.433419582,-2,Market,Filled,-178.866839164, 
2019-11-06T14:46:00Z,NKE,88.927417319,2,Market,Filled,177.854834638, 
2019-11-06T15:51:59Z,AAPL,254.398292414,-1,Market,Filled,-254.398292414, 
2019-11-06T15:51:59Z,NKE,88.40157183,1,Market,Filled,88.40157183, 
2019-11-06T16:02:56Z,NKE,88.609925703,-1,Market,Filled,-88.609925703, 
2019-11-06T16:38:00Z,NKE,88.421415056,1,Market,Filled,88.421415056, 
2019-11-06T16:44:00Z,NKE,88.332120539,1,Market,Filled,88.332120539, 
2019-11-06T17:14:37Z,NKE,88.391650217,-1,Market,Filled,-88.391650217, 
2019-11-06T17:58:00Z,NKE,88.580160864,-1,Market,Filled,-88.580160864, 
2019-11-06T21:17:12Z,NKE,89.969186684,1,Market On Open,Filled,89.969186684, 
2019-11-07T14:37:00Z,NKE,89.354046678,1,Market,Filled,89.354046678, 
2019-11-07T15:22:40Z,NKE,89.512792486,-1,Market,Filled,-89.512792486, 
2019-11-07T15:42:00Z,NKE,89.383811517,1,Market,Filled,89.383811517, 
2019-11-07T16:14:00Z,NKE,89.294517,1,Market,Filled,89.294517, 
2019-11-07T16:17:47Z,AAPL,258.355836097,-1,Market,Filled,-258.355836097, 
2019-11-07T17:15:00Z,NKE,89.69138152,-1,Market,Filled,-89.69138152, 
2019-11-07T20:45:00Z,NKE,89.502870873,-1,Market,Filled,-89.502870873, 
2019-11-08T14:31:00Z,NKE,89.542557325,1,Market,Filled,89.542557325, 
2019-11-08T15:06:00Z,NKE,89.205222483,-1,Market,Filled,-89.205222483, 
2019-11-08T15:06:00Z,AAPL,256.117223122,1,Market,Filled,256.117223122, 
2019-11-08T15:30:00Z,NKE,89.155614418,1,Market,Filled,89.155614418, 
2019-11-08T17:56:00Z,NKE,89.135771192,1,Market,Filled,89.135771192, 
2019-11-08T18:15:36Z,AAPL,258.266291578,-1,Market,Filled,-258.266291578, 
2019-11-08T18:15:36Z,NKE,89.066319901,1,Market,Filled,89.066319901, 
2019-11-08T19:47:32Z,NKE,88.669455381,1,Market,Filled,88.669455381, 
2019-11-11T14:31:00Z,NKE,88.679376994,-1,Market,Filled,-88.679376994, 
2019-11-11T15:27:59Z,NKE,88.937338932,1,Market,Filled,88.937338932, 
2019-11-11T15:32:00Z,NKE,88.728985059,1,Market,Filled,88.728985059, 
2019-11-11T17:18:00Z,AAPL,259.838295356,-1,Market,Filled,-259.838295356, 
2019-11-11T18:18:00Z,NKE,89.09608474,1,Market,Filled,89.09608474, 
2019-11-11T19:29:00Z,NKE,89.294517,-1,Market,Filled,-89.294517, 
2019-11-12T14:34:00Z,NKE,89.840205715,-2,Market,Filled,-179.68041143, 
2019-11-12T14:34:00Z,AAPL,260.007435003,1,Market,Filled,260.007435003, 
2019-11-12T14:42:46Z,NKE,90.217227009,-1,Market,Filled,-90.217227009, 
2019-11-12T16:25:44Z,NKE,89.701303133,2,Market,Filled,179.402606266, 
2019-11-12T16:47:03Z,NKE,89.324281839,1,Market,Filled,89.324281839, 
2019-11-12T18:25:46Z,AAPL,260.97252593,-1,Market,Filled,-260.97252593, 
2019-11-12T18:48:40Z,NKE,89.413576356,1,Market,Filled,89.413576356, 
2019-11-12T20:59:29Z,NKE,88.857966028,1,Market,Filled,88.857966028, 
2019-11-13T14:34:21Z,NKE,89.155614418,-1,Market,Filled,-89.155614418, 
2019-11-13T14:43:00Z,NKE,89.939421845,-2,Market,Filled,-179.87884369, 
2019-11-13T15:43:31Z,NKE,89.69138152,2,Market,Filled,179.38276304, 
2019-11-13T17:47:00Z,NKE,90.137854105,-1,Market,Filled,-90.137854105, 
2019-11-13T17:58:10Z,NKE,90.366051204,-1,Market,Filled,-90.366051204, 
2019-11-13T18:59:00Z,NKE,90.524797012,-1,Market,Filled,-90.524797012, 
2019-11-13T19:15:00Z,AAPL,261.450096698,1,Market,Filled,261.450096698, 
2019-11-13T20:42:00Z,NKE,90.435502495,1,Market,Filled,90.435502495, 
2019-11-14T14:31:00Z,NKE,90.58432669,-1,Market,Filled,-90.58432669, 
2019-11-14T14:32:00Z,NKE,90.375972817,1,Market,Filled,90.375972817, 
2019-11-14T14:49:04Z,NKE,90.177540557,1,Market,Filled,90.177540557, 
2019-11-14T15:01:00Z,NKE,90.663699594,-1,Market,Filled,-90.663699594, 
2019-11-14T15:02:41Z,NKE,90.663699594,-1,Market,Filled,-90.663699594, 
2019-11-14T15:35:59Z,NKE,91.030799275,-2,Market,Filled,-182.06159855, 
2019-11-14T15:56:00Z,NKE,91.08040734,-1,Market,Filled,-91.08040734, 
2019-11-14T16:19:59Z,NKE,90.951426371,1,Market,Filled,90.951426371, 
2019-11-14T16:43:00Z,NKE,90.921661532,-1,Market,Filled,-90.921661532, 
2019-11-14T17:15:00Z,AAPL,261.002374103,1,Market,Filled,261.002374103, 
2019-11-14T18:17:00Z,NKE,90.862131854,1,Market,Filled,90.862131854, 
2019-11-14T19:27:27Z,AAPL,261.589388172,-1,Market,Filled,-261.589388172, 
2019-11-14T19:27:27Z,NKE,90.366051204,1,Market,Filled,90.366051204, 
2019-11-14T20:51:00Z,NKE,90.693464433,-1,Market,Filled,-90.693464433, 
2019-11-15T14:32:00Z,NKE,91.47727186,-1,Market,Filled,-91.47727186, 
2019-11-15T14:43:54Z,NKE,91.685625733,-1,Market,Filled,-91.685625733, 
2019-11-15T14:43:54Z,AAPL,262.574377881,1,Market,Filled,262.574377881, 
2019-11-15T14:50:00Z,NKE,91.923744445,-1,Market,Filled,-91.923744445, 
2019-11-15T15:10:00Z,NKE,91.854293154,-1,Market,Filled,-91.854293154, 
2019-11-15T15:19:43Z,AAPL,262.106756504,1,Market,Filled,262.106756504, 
2019-11-15T15:42:00Z,NKE,92.459511547,-1,Market,Filled,-92.459511547, 
2019-11-15T17:13:00Z,NKE,92.796846389,-1,Market,Filled,-92.796846389, 
2019-11-15T18:20:00Z,NKE,92.499197999,1,Market,Filled,92.499197999, 
2019-11-15T18:52:00Z,NKE,92.459511547,1,Market,Filled,92.459511547, 
2019-11-15T21:16:41Z,AAPL,264.315521306,-245,Market On Open,Filled,-64757.30271997, 
2019-11-15T21:16:41Z,NKE,92.995278649,701,Market On Open,Filled,65189.690332949, 
2019-11-16T11:16:57Z,NKE,92.380138643,-700,Market On Open,Filled,-64666.0970501, 
2019-11-16T11:16:57Z,AAPL,264.45481278,245,Market On Open,Filled,64791.4291311, 
2019-11-18T14:33:24Z,NKE,92.747238324,-4,Market,Filled,-370.988953296, 
2019-11-18T14:44:00Z,AAPL,263.370329161,-1,Market,Filled,-263.370329161, 
2019-11-18T14:44:00Z,NKE,92.221392835,1,Market,Filled,92.221392835, 
2019-11-18T15:58:20Z,NKE,92.66786542,-1,Market,Filled,-92.66786542, 
2019-11-18T18:05:00Z,NKE,93.342535104,-1,Market,Filled,-93.342535104, 
2019-11-18T19:16:00Z,NKE,93.302848652,1,Market,Filled,93.302848652, 
2019-11-19T14:34:00Z,NKE,94.215637048,-3,Market,Filled,-282.646911144, 
2019-11-19T14:34:00Z,AAPL,265.698486655,1,Market,Filled,265.698486655, 
2019-11-19T14:56:00Z,AAPL,265.569144572,-1,Market,Filled,-265.569144572, 
2019-11-19T14:56:00Z,NKE,93.203632522,3,Market,Filled,279.610897566, 
2019-11-19T15:02:15Z,NKE,92.86629768,1,Market,Filled,92.86629768, 
2019-11-19T15:14:00Z,NKE,92.757159937,1,Market,Filled,92.757159937, 
2019-11-19T16:09:00Z,NKE,92.528962838,-1,Market,Filled,-92.528962838, 
2019-11-20T14:50:57Z,NKE,93.034965101,-2,Market,Filled,-186.069930202, 
2019-11-20T14:59:33Z,NKE,93.253240587,-1,Market,Filled,-93.253240587, 
2019-11-20T15:46:38Z,NKE,92.786924776,1,Market,Filled,92.786924776, 
2019-11-20T16:59:55Z,NKE,92.66786542,-1,Market,Filled,-92.66786542, 
2019-11-20T17:59:00Z,NKE,92.340452191,-2,Market,Filled,-184.680904382, 
2019-11-20T17:59:00Z,AAPL,259.77859901,1,Market,Filled,259.77859901, 
2019-11-20T19:42:00Z,NKE,92.578570903,1,Market,Filled,92.578570903, 
2019-11-20T20:11:48Z,NKE,92.300765739,1,Market,Filled,92.300765739, 
2019-11-21T14:31:00Z,AAPL,262.176402241,-1,Market,Filled,-262.176402241, 
2019-11-21T14:31:00Z,NKE,91.993195736,2,Market,Filled,183.986391472, 
2019-11-21T14:51:00Z,NKE,92.439668321,-1,Market,Filled,-92.439668321, 
2019-11-21T15:00:00Z,NKE,92.032882188,1,Market,Filled,92.032882188, 
2019-11-21T16:16:17Z,NKE,91.933666058,-1,Market,Filled,-91.933666058, 
2019-11-21T17:00:00Z,NKE,91.913822832,-1,Market,Filled,-91.913822832, 
2019-11-21T17:19:48Z,NKE,91.636017668,1,Market,Filled,91.636017668, 
2019-11-21T17:31:00Z,NKE,91.516958312,1,Market,Filled,91.516958312, 
2019-11-21T18:18:17Z,NKE,91.893979606,-1,Market,Filled,-91.893979606, 
2019-11-21T19:35:59Z,NKE,91.636017668,1,Market,Filled,91.636017668, 
2019-11-22T14:36:50Z,NKE,91.318526052,2,Market,Filled,182.637052104, 
2019-11-22T14:40:14Z,NKE,91.516958312,-1,Market,Filled,-91.516958312, 
2019-11-22T15:10:16Z,NKE,91.695547346,-1,Market,Filled,-91.695547346, 
2019-11-22T15:48:00Z,NKE,91.844371541,-1,Market,Filled,-91.844371541, 
2019-11-22T17:05:00Z,NKE,92.112255092,-1,Market,Filled,-92.112255092, 
2019-11-22T18:19:00Z,AAPL,261.012323494,1,Market,Filled,261.012323494, 
2019-11-22T18:35:00Z,NKE,92.429746708,-1,Market,Filled,-92.429746708, 
2019-11-22T18:50:00Z,NKE,92.509119612,-1,Market,Filled,-92.509119612, 
2019-11-25T14:41:00Z,NKE,93.054808327,1,Market,Filled,93.054808327, 
2019-11-25T14:52:00Z,NKE,92.846454454,1,Market,Filled,92.846454454, 
2019-11-25T15:28:00Z,NKE,92.598414129,1,Market,Filled,92.598414129, 
2019-11-25T15:31:47Z,AAPL,263.897646884,-1,Market,Filled,-263.897646884, 
2019-11-25T15:31:47Z,NKE,92.578570903,1,Market,Filled,92.578570903, 
2019-11-25T16:15:00Z,NKE,92.241236061,-695,Market,Filled,-64107.659062395, 
2019-11-25T16:15:00Z,AAPL,264.116533486,242,Market,Filled,63916.201103612, 
2019-11-26T13:40:56Z,AAPL,265.469650662,-242,Market On Open,Filled,-64243.655460204, 
2019-11-26T13:40:56Z,NKE,92.757159937,699,Market On Open,Filled,64837.254795963, 
2019-11-26T14:34:48Z,NKE,92.528962838,-2,Market,Filled,-185.057925676, 
2019-11-26T15:08:44Z,NKE,92.528962838,-1,Market,Filled,-92.528962838, 
2019-11-26T20:15:22Z,NKE,92.459511547,1,Market,Filled,92.459511547, 
2019-11-26T20:55:54Z,NKE,92.618257355,-1,Market,Filled,-92.618257355, 
2019-11-26T21:35:57Z,NKE,92.717473485,-2,Market On Open,Filled,-185.43494697, 
2019-11-27T15:30:00Z,NKE,93.56081059,-1,Market,Filled,-93.56081059, 
2019-11-27T15:52:46Z,NKE,93.620340268,-1,Market,Filled,-93.620340268, 
2019-11-27T15:59:00Z,NKE,93.421908008,1,Market,Filled,93.421908008, 
2019-11-27T16:22:00Z,NKE,93.114338005,1,Market,Filled,93.114338005, 
2019-11-27T18:30:58Z,NKE,92.995278649,1,Market,Filled,92.995278649, 
2019-11-29T14:31:00Z,NKE,94.0039128,-3,Market,Filled,-282.0117384, 
2019-11-29T14:31:00Z,AAPL,265.390055534,1,Market,Filled,265.390055534, 
2019-11-29T14:44:00Z,NKE,93.615960144,1,Market,Filled,93.615960144, 
2019-11-29T14:56:00Z,AAPL,266.016867167,-1,Market,Filled,-266.016867167, 
2019-11-29T14:56:00Z,NKE,93.397115056,1,Market,Filled,93.397115056, 
2019-11-29T15:03:00Z,NKE,93.287692512,1,Market,Filled,93.287692512, 
2019-11-29T17:39:00Z,NKE,92.949477376,1,Market,Filled,92.949477376, 
2019-11-30T09:56:41Z,AAPL,265.967120212,-244,Market On Open,Filled,-64895.977331728, 
2019-11-30T09:56:41Z,NKE,93.785067712,695,Market On Open,Filled,65180.62205984, 
2019-11-30T14:43:37Z,NKE,93.586117632,-695,Market On Open,Filled,-65042.35175424, 
2019-11-30T14:43:37Z,AAPL,266.156158641,244,Market On Open,Filled,64942.102708404, 
2019-12-02T14:31:00Z,NKE,93.615960144,-3,Market,Filled,-280.847880432, 
2019-12-02T14:44:00Z,NKE,93.317535024,1,Market,Filled,93.317535024, 
2019-12-02T15:04:00Z,NKE,93.30758752,-2,Market,Filled,-186.61517504, 
2019-12-02T15:55:05Z,NKE,93.048952416,-1,Market,Filled,-93.048952416, 
2019-12-02T16:23:56Z,NKE,92.651052256,1,Market,Filled,92.651052256, 
2019-12-02T21:19:22Z,NKE,91.944779472,-1,Market On Open,Filled,-91.944779472, 
2019-12-03T14:31:42Z,NKE,91.96467448,-5,Market,Filled,-459.8233724, 
2019-12-03T14:31:42Z,AAPL,255.967982257,2,Market,Filled,511.935964514, 
2019-12-03T15:14:40Z,NKE,91.586669328,1,Market,Filled,91.586669328, 
2019-12-03T15:56:00Z,NKE,91.198716672,1,Market,Filled,91.198716672, 
2019-12-03T16:24:00Z,AAPL,256.127172513,-1,Market,Filled,-256.127172513, 
2019-12-03T16:24:00Z,NKE,90.950029072,1,Market,Filled,90.950029072, 
2019-12-03T18:26:00Z,NKE,91.656301856,-1,Market,Filled,-91.656301856, 
2019-12-03T18:40:00Z,NKE,91.646354352,1,Market,Filled,91.646354352, 
2019-12-03T19:49:00Z,NKE,91.66624936,-1,Market,Filled,-91.66624936, 
2019-12-04T14:31:00Z,NKE,92.402364656,1,Market,Filled,92.402364656, 
2019-12-04T15:02:00Z,NKE,92.770422304,-1,Market,Filled,-92.770422304, 
2019-12-04T15:18:00Z,AAPL,260.315866124,-245,Market,Filled,-63777.38720038, 
2019-12-04T15:18:00Z,NKE,92.71073728,689,Market,Filled,63877.69798592, 
2019-12-04T21:53:22Z,NKE,95.336878336,-688,Market On Open,Filled,-65591.772295168, 
2019-12-04T21:53:22Z,AAPL,262.534580317,246,Market On Open,Filled,64583.506757982, 
2019-12-05T14:37:29Z,AAPL,263.231037687,3,Market,Filled,789.693113061, 
2019-12-05T14:37:29Z,NKE,95.068295728,1,Market,Filled,95.068295728, 
2019-12-05T14:45:46Z,NKE,94.710185584,1,Market,Filled,94.710185584, 
2019-12-05T14:51:59Z,NKE,94.471445488,1,Market,Filled,94.471445488, 
2019-12-05T15:21:02Z,NKE,94.660448064,-1,Market,Filled,-94.660448064, 
2019-12-05T15:23:13Z,NKE,94.740028096,-1,Market,Filled,-94.740028096, 
2019-12-05T16:36:18Z,NKE,94.431655472,1,Market,Filled,94.431655472, 
2019-12-05T16:41:00Z,NKE,94.35207544,1,Market,Filled,94.35207544, 
2019-12-05T20:19:14Z,NKE,95.336878336,-1,Market,Filled,-95.336878336, 
2019-12-05T23:39:43Z,AAPL,265.967120212,-249,Market On Open,Filled,-66225.812932788, 
2019-12-05T23:39:43Z,NKE,96.182416176,690,Market On Open,Filled,66365.86716144, 
2019-12-06T14:31:00Z,NKE,96.34157624,-1,Market,Filled,-96.34157624, 
2019-12-07T04:51:19Z,NKE,96.510683808,-1380,Market On Open,Filled,-133184.74365504, 
2019-12-07T21:17:15Z,AAPL,268.713152128,494,Market On Open,Filled,132744.29715123, 
2019-12-09T15:17:40Z,AAPL,268.23558136,1,Market,Filled,268.23558136, 
2019-12-09T15:19:53Z,AAPL,268.315176488,-247,Market,Filled,-66273.848592536, 
2019-12-09T15:19:53Z,NKE,96.301786224,690,Market,Filled,66448.23249456, 
2019-12-09T15:27:19Z,NKE,96.082941136,1,Market,Filled,96.082941136, 
2019-12-09T16:12:22Z,NKE,96.102836144,-1,Market,Filled,-96.102836144, 
2019-12-09T16:34:34Z,NKE,95.874043552,-1,Market,Filled,-95.874043552, 
2019-12-09T18:35:41Z,NKE,95.913833568,-1,Market,Filled,-95.913833568, 
2019-12-10T20:33:00Z,NKE,96.401261264,1,Market,Filled,96.401261264, 
2019-12-10T21:56:01Z,NKE,96.222206192,-689,Market On Open,Filled,-66297.100066288, 
2019-12-10T21:56:01Z,AAPL,267.449579471,248,Market On Open,Filled,66327.495708808, 
2019-12-11T03:40:11Z,AAPL,267.43963008,-496,Market On Open,Filled,-132650.05651968, 
2019-12-11T14:10:42Z,NKE,96.878741456,1376,Market On Open,Filled,133305.14824346, 
2019-12-11T15:50:38Z,NKE,96.351523744,-6,Market,Filled,-578.109142464, 
2019-12-12T15:51:00Z,NKE,97.346274144,-1370,Market,Filled,-133364.39557728, 
2019-12-12T18:46:55Z,NKE,96.809108928,1376,Market,Filled,133209.33388493, 
2019-12-13T15:23:33Z,NKE,97.28658912,-687,Market,Filled,-66835.88672544, 
2019-12-13T15:23:33Z,AAPL,272.71280731,245,Market,Filled,66814.63779095, 
2019-12-13T16:37:57Z,NKE,97.405959168,-1,Market,Filled,-97.405959168, 
2019-12-13T20:57:00Z,NKE,97.296536624,1,Market,Filled,97.296536624, 
2019-12-16T14:52:41Z,NKE,97.903334368,3,Market,Filled,293.710003104, 
2019-12-16T15:13:41Z,AAPL,278.463555308,-1,Market,Filled,-278.463555308, 
2019-12-16T18:08:15Z,NKE,98.798609728,-1,Market,Filled,-98.798609728, 
2019-12-16T19:48:57Z,NKE,98.171916976,1,Market,Filled,98.171916976, 
2019-12-17T14:40:20Z,NKE,99.106982352,-2,Market,Filled,-198.213964704, 
2019-12-17T14:46:54Z,AAPL,278.274516879,1,Market,Filled,278.274516879, 
2019-12-17T15:08:11Z,NKE,98.9776648,1,Market,Filled,98.9776648, 
2019-12-17T15:40:00Z,NKE,98.848347248,1,Market,Filled,98.848347248, 
2019-12-17T18:30:00Z,NKE,98.838399744,-1,Market,Filled,-98.838399744, 
2019-12-17T19:35:39Z,NKE,99.166667376,-1,Market,Filled,-99.166667376, 
2019-12-18T14:41:00Z,NKE,99.087087344,-1,Market,Filled,-99.087087344, 
2019-12-18T15:29:00Z,NKE,99.614305056,-1,Market,Filled,-99.614305056, 
2019-12-18T16:04:00Z,NKE,99.713780096,-1,Market,Filled,-99.713780096, 
2019-12-18T16:04:00Z,AAPL,278.344162616,1,Market,Filled,278.344162616, 
2019-12-18T16:49:40Z,NKE,99.52477752,1,Market,Filled,99.52477752, 
2019-12-18T17:15:52Z,NKE,99.266142416,1,Market,Filled,99.266142416, 
2019-12-18T17:41:00Z,AAPL,279.468443799,-1,Market,Filled,-279.468443799, 
2019-12-18T17:49:08Z,NKE,99.236299904,1,Market,Filled,99.236299904, 
2019-12-18T19:36:00Z,NKE,100.061942736,-2,Market,Filled,-200.123885472, 
2019-12-18T20:41:00Z,NKE,100.12162776,-1,Market,Filled,-100.12162776, 
2019-12-18T20:41:00Z,AAPL,279.47839319,1,Market,Filled,279.47839319, 
2019-12-18T20:59:00Z,NKE,100.151470272,-1,Market,Filled,-100.151470272, 
2019-12-19T14:39:50Z,NKE,99.345722448,3,Market,Filled,298.037167344, 
2019-12-19T14:46:00Z,NKE,99.57451504,-1,Market,Filled,-99.57451504, 
2019-12-19T14:58:21Z,NKE,99.206457392,1,Market,Filled,99.206457392, 
2019-12-19T15:56:59Z,NKE,99.37556496,-1,Market,Filled,-99.37556496, 
2019-12-19T16:52:00Z,NKE,99.683937584,-1,Market,Filled,-99.683937584, 
2019-12-19T17:50:00Z,NKE,99.912730176,-1,Market,Filled,-99.912730176, 
2019-12-19T18:26:00Z,NKE,100.151470272,-1,Market,Filled,-100.151470272, 
2019-12-19T19:00:57Z,NKE,100.32057784,-1,Market,Filled,-100.32057784, 
2019-12-19T19:00:57Z,AAPL,277.68750281,1,Market,Filled,277.68750281, 
2019-12-20T14:31:00Z,AAPL,280.562876809,-1,Market,Filled,-280.562876809, 
2019-12-20T14:31:00Z,NKE,100.250945312,3,Market,Filled,300.752835936, 
2019-12-20T14:35:42Z,AAPL,280.294243252,-1,Market,Filled,-280.294243252, 
2019-12-20T14:35:42Z,NKE,99.106982352,4,Market,Filled,396.427929408, 
2019-12-20T14:43:11Z,NKE,98.699134688,1,Market,Filled,98.699134688, 
2019-12-20T14:57:38Z,AAPL,280.095255432,-1,Market,Filled,-280.095255432, 
2019-12-20T15:37:23Z,NKE,99.186562384,-1,Market,Filled,-99.186562384, 
2019-12-20T15:38:00Z,NKE,99.206457392,-1,Market,Filled,-99.206457392, 
2019-12-20T15:57:00Z,NKE,98.987612304,1,Market,Filled,98.987612304, 
2019-12-20T16:02:00Z,NKE,98.77871472,1,Market,Filled,98.77871472, 
2019-12-20T17:06:00Z,NKE,98.908032272,-1,Market,Filled,-98.908032272, 
2019-12-20T17:47:16Z,NKE,99.186562384,-1,Market,Filled,-99.186562384, 
2019-12-20T18:39:35Z,AAPL,279.508241363,1,Market,Filled,279.508241363, 
2019-12-20T18:48:10Z,NKE,99.435249984,-1,Market,Filled,-99.435249984, 
2019-12-20T19:28:00Z,NKE,99.67399008,-1,Market,Filled,-99.67399008, 
2019-12-20T20:47:24Z,NKE,99.455144992,-1,Market,Filled,-99.455144992, 
2019-12-20T20:47:24Z,AAPL,277.667604028,1,Market,Filled,277.667604028, 
2019-12-23T14:31:00Z,NKE,99.833150144,1,Market,Filled,99.833150144, 
2019-12-23T14:35:00Z,NKE,99.62425256,1,Market,Filled,99.62425256, 
2019-12-23T14:39:00Z,AAPL,280.184799951,-1,Market,Filled,-280.184799951, 
2019-12-23T14:39:00Z,NKE,99.445197488,1,Market,Filled,99.445197488, 
2019-12-23T14:51:00Z,NKE,99.395459968,1,Market,Filled,99.395459968, 
2019-12-23T16:13:00Z,NKE,99.37556496,1,Market,Filled,99.37556496, 
2019-12-23T17:20:00Z,AAPL,282.503008054,-1,Market,Filled,-282.503008054, 
2019-12-23T19:13:18Z,NKE,99.385512464,1,Market,Filled,99.385512464, 
2019-12-24T14:37:10Z,NKE,99.664042576,-1,Market,Filled,-99.664042576, 
2019-12-24T14:47:00Z,NKE,99.783412624,-1,Market,Filled,-99.783412624, 
2019-12-24T16:17:00Z,NKE,99.753570112,1,Market,Filled,99.753570112, 
2019-12-26T14:50:00Z,NKE,99.932625184,1,Market,Filled,99.932625184, 
2019-12-26T15:01:16Z,NKE,99.853045152,1,Market,Filled,99.853045152, 
2019-12-26T15:37:20Z,AAPL,285.368432662,-1,Market,Filled,-285.368432662, 
2019-12-26T15:37:20Z,NKE,99.693885088,1,Market,Filled,99.693885088, 
2019-12-26T16:18:00Z,NKE,99.743622608,1,Market,Filled,99.743622608, 
2019-12-26T16:44:02Z,NKE,99.753570112,1,Market,Filled,99.753570112, 
2019-12-27T15:18:30Z,NKE,100.788110528,1,Market,Filled,100.788110528, 
2019-12-27T15:18:45Z,AAPL,290.681407456,-1,Market,Filled,-290.681407456, 
2019-12-27T16:05:01Z,NKE,100.907480576,-1,Market,Filled,-100.907480576, 
2019-12-27T17:06:28Z,NKE,100.91742808,-1,Market,Filled,-100.91742808, 
2019-12-27T18:00:00Z,NKE,101.146220672,-1,Market,Filled,-101.146220672, 
2019-12-27T18:00:00Z,AAPL,288.641782301,1,Market,Filled,288.641782301, 
2019-12-27T18:39:00Z,NKE,101.126325664,-1,Market,Filled,-101.126325664, 
2019-12-30T14:28:58Z,AAPL,288.064717623,-243,Market On Open,Filled,-69999.726382389, 
2019-12-30T14:28:58Z,NKE,101.036798128,694,Market On Open,Filled,70119.537900832, 
2019-12-30T23:42:28Z,NKE,99.912730176,-694,Market On Open,Filled,-69339.434742144, 
2019-12-30T23:42:28Z,AAPL,288.462693263,239,Market On Open,Filled,68942.583689857, 
2019-12-31T15:04:10Z,AAPL,290.12424156,1,Market,Filled,290.12424156, 
2019-12-31T15:18:58Z,NKE,100.151470272,1,Market,Filled,100.151470272, 
2020-01-02T14:53:40Z,AAPL,295.586457219,-1,Market,Filled,-295.586457219, 
2020-01-02T14:53:40Z,NKE,100.837848048,4,Market,Filled,403.351392192, 
2020-01-02T15:07:00Z,NKE,101.026850624,1,Market,Filled,101.026850624, 
2020-01-02T15:56:00Z,AAPL,296.511750582,-1,Market,Filled,-296.511750582, 
2020-01-02T15:56:00Z,NKE,100.609055456,1,Market,Filled,100.609055456, 
2020-01-02T19:03:00Z,NKE,101.076588144,-1,Market,Filled,-101.076588144, 
2020-01-03T14:40:32Z,NKE,100.748320512,2,Market,Filled,201.496641024, 
2020-01-03T15:05:00Z,NKE,100.907480576,-2,Market,Filled,-201.814961152, 
2020-01-03T17:04:46Z,NKE,101.186010688,1,Market,Filled,101.186010688, 
2020-01-03T19:18:57Z,NKE,101.325275744,-1,Market,Filled,-101.325275744, 
2020-01-03T20:42:28Z,NKE,101.394908272,-1,Market,Filled,-101.394908272, 
2020-01-03T21:25:57Z,NKE,100.42005288,-1,Market On Open,Filled,-100.42005288, 
2020-01-03T21:25:57Z,AAPL,292.303158189,1,Market On Open,Filled,292.303158189, 
2020-01-06T14:31:00Z,NKE,100.648845472,-2,Market,Filled,-201.297690944, 
2020-01-06T14:34:43Z,NKE,100.728425504,1,Market,Filled,100.728425504, 
2020-01-06T14:48:00Z,NKE,100.748320512,1,Market,Filled,100.748320512, 
2020-01-06T14:57:00Z,NKE,100.589160448,1,Market,Filled,100.589160448, 
2020-01-06T15:23:00Z,NKE,100.579212944,1,Market,Filled,100.579212944, 
2020-01-06T15:30:00Z,AAPL,296.034179814,-1,Market,Filled,-296.034179814, 
2020-01-06T16:08:00Z,NKE,100.698582992,1,Market,Filled,100.698582992, 
2020-01-06T16:16:00Z,NKE,100.708530496,1,Market,Filled,100.708530496, 
2020-01-06T16:46:00Z,NKE,100.887585568,-1,Market,Filled,-100.887585568, 
2020-01-06T17:15:00Z,NKE,100.758268016,-1,Market,Filled,-100.758268016, 
2020-01-06T17:47:00Z,NKE,100.609055456,1,Market,Filled,100.609055456, 
2020-01-06T18:55:02Z,NKE,100.688635488,1,Market,Filled,100.688635488, 
2020-01-06T20:43:00Z,NKE,101.056693136,-1,Market,Filled,-101.056693136, 
2020-01-07T14:42:34Z,NKE,101.633648368,-2,Market,Filled,-203.267296736, 
2020-01-07T14:44:39Z,NKE,101.693333392,-1,Market,Filled,-101.693333392, 
2020-01-07T14:44:39Z,AAPL,296.830131094,1,Market,Filled,296.830131094, 
2020-01-07T15:06:00Z,NKE,102.041496032,-1,Market,Filled,-102.041496032, 
2020-01-07T15:27:29Z,NKE,102.021601024,-1,Market,Filled,-102.021601024, 
2020-01-07T15:55:50Z,NKE,101.673438384,2,Market,Filled,203.346876768, 
2020-01-07T17:51:00Z,NKE,101.225800704,2,Market,Filled,202.451601408, 
2020-01-07T18:56:00Z,AAPL,298.372286699,-1,Market,Filled,-298.372286699, 
2020-01-07T19:45:58Z,NKE,100.977113104,1,Market,Filled,100.977113104, 
2020-01-07T20:12:00Z,NKE,101.325275744,-1,Market,Filled,-101.325275744, 
2020-01-08T14:45:00Z,NKE,100.81795304,1,Market,Filled,100.81795304, 
2020-01-08T14:56:00Z,NKE,101.056693136,-1,Market,Filled,-101.056693136, 
2020-01-08T17:06:14Z,NKE,101.484435808,1,Market,Filled,101.484435808, 
2020-01-08T17:14:51Z,NKE,101.295433232,1,Market,Filled,101.295433232, 
2020-01-08T17:35:39Z,AAPL,300.929280186,-1,Market,Filled,-300.929280186, 
2020-01-08T17:35:39Z,NKE,101.31532824,1,Market,Filled,101.31532824, 
2020-01-08T18:36:03Z,NKE,101.305380736,1,Market,Filled,101.305380736, 
2020-01-08T20:08:00Z,NKE,101.245695712,1,Market,Filled,101.245695712, 
2020-01-09T14:37:00Z,AAPL,305.4910759595,-1,Market,Filled,-305.4910759595, 
2020-01-09T14:37:00Z,NKE,101.583910848,3,Market,Filled,304.751732544, 
2020-01-09T14:45:05Z,AAPL,307.167548343,-1,Market,Filled,-307.167548343, 
2020-01-09T14:45:05Z,NKE,101.444645792,2,Market,Filled,202.889291584, 
2020-01-09T15:55:38Z,NKE,101.444645792,1,Market,Filled,101.444645792, 
2020-01-09T17:36:00Z,NKE,101.06664064,-1,Market,Filled,-101.06664064, 
2020-01-09T18:17:38Z,NKE,101.245695712,1,Market,Filled,101.245695712, 
2020-01-09T18:32:54Z,NKE,101.11637816,1,Market,Filled,101.11637816, 
2020-01-09T20:47:48Z,AAPL,307.525726419,-1,Market,Filled,-307.525726419, 
2020-01-09T20:58:41Z,NKE,100.927375584,1,Market,Filled,100.927375584, 
2020-01-10T14:45:14Z,NKE,101.046745632,1,Market,Filled,101.046745632, 
2020-01-10T15:00:00Z,NKE,101.2158532,1,Market,Filled,101.2158532, 
2020-01-10T15:04:00Z,AAPL,310.649835193,-1,Market,Filled,-310.649835193, 
2020-01-10T15:16:00Z,NKE,100.977113104,1,Market,Filled,100.977113104, 
2020-01-10T16:30:34Z,NKE,100.907480576,-1,Market,Filled,-100.907480576, 
2020-01-10T17:21:00Z,NKE,100.609055456,-1,Market,Filled,-100.609055456, 
2020-01-10T18:13:00Z,NKE,100.688635488,1,Market,Filled,100.688635488, 
2020-01-10T19:16:00Z,NKE,100.42005288,1,Market,Filled,100.42005288, 
2020-01-10T19:31:06Z,NKE,100.579212944,-1,Market,Filled,-100.579212944, 
2020-01-10T21:22:04Z,NKE,100.4697904,1,Market On Open,Filled,100.4697904, 
2020-01-13T14:31:38Z,NKE,100.66874048,1,Market,Filled,100.66874048, 
2020-01-13T14:37:51Z,AAPL,311.545280383,-1,Market,Filled,-311.545280383, 
2020-01-13T14:37:51Z,NKE,100.430000384,2,Market,Filled,200.860000768, 
2020-01-13T14:43:00Z,NKE,100.609055456,-1,Market,Filled,-100.609055456, 
2020-01-13T15:27:00Z,NKE,100.708530496,-1,Market,Filled,-100.708530496, 
2020-01-13T15:32:00Z,NKE,100.86769056,-1,Market,Filled,-100.86769056, 
2020-01-13T20:04:00Z,NKE,101.554068336,1,Market,Filled,101.554068336, 
2020-01-13T20:57:00Z,NKE,101.802755936,1,Market,Filled,101.802755936, 
2020-01-13T21:01:54Z,NKE,102.290183632,1,Market On Open,Filled,102.290183632, 
2020-01-14T14:31:00Z,NKE,101.932073488,-1,Market,Filled,-101.932073488, 
2020-01-14T14:34:30Z,NKE,101.951968496,-1,Market,Filled,-101.951968496, 
2020-01-14T15:05:00Z,NKE,102.339921152,-2,Market,Filled,-204.679842304, 
2020-01-14T15:05:00Z,AAPL,313.515259801,1,Market,Filled,313.515259801, 
2020-01-14T15:53:00Z,NKE,102.65824128,-1,Market,Filled,-102.65824128, 
2020-01-14T17:29:14Z,NKE,102.85719136,-1,Market,Filled,-102.85719136, 
2020-01-14T17:51:11Z,AAPL,313.167031116,1,Market,Filled,313.167031116, 
2020-01-14T17:58:00Z,NKE,102.926823888,-1,Market,Filled,-102.926823888, 
2020-01-15T14:32:00Z,NKE,102.648293776,-1,Market,Filled,-102.648293776, 
2020-01-15T14:35:00Z,NKE,102.996456416,-1,Market,Filled,-102.996456416, 
2020-01-15T14:37:11Z,NKE,102.85719136,1,Market,Filled,102.85719136, 
2020-01-15T14:42:00Z,NKE,102.588608752,1,Market,Filled,102.588608752, 
2020-01-15T14:51:40Z,NKE,102.280236128,1,Market,Filled,102.280236128, 
2020-01-15T14:56:44Z,NKE,102.290183632,1,Market,Filled,102.290183632, 
2020-01-15T16:08:11Z,NKE,102.499081216,-1,Market,Filled,-102.499081216, 
2020-01-15T17:30:00Z,NKE,102.220551104,1,Market,Filled,102.220551104, 
2020-01-15T18:45:13Z,NKE,102.2106036,-1,Market,Filled,-102.2106036, 
2020-01-15T18:59:16Z,NKE,102.200656096,-1,Market,Filled,-102.200656096, 
2020-01-15T20:33:00Z,NKE,101.991758512,-2,Market,Filled,-203.983517024, 
2020-01-16T14:38:00Z,NKE,102.737821312,2,Market,Filled,205.475642624, 
2020-01-16T14:44:00Z,NKE,102.499081216,1,Market,Filled,102.499081216, 
2020-01-16T15:46:00Z,NKE,102.717926304,-1,Market,Filled,-102.717926304, 
2020-01-16T15:57:00Z,NKE,102.767663824,-1,Market,Filled,-102.767663824, 
2020-01-16T16:25:00Z,NKE,102.827348848,-1,Market,Filled,-102.827348848, 
2020-01-16T18:36:59Z,NKE,102.75771632,1,Market,Filled,102.75771632, 
2020-01-16T19:47:00Z,NKE,102.678136288,1,Market,Filled,102.678136288, 
2020-01-17T14:44:32Z,NKE,102.936771392,1,Market,Filled,102.936771392, 
2020-01-17T15:11:00Z,NKE,103.60325416,-1,Market,Filled,-103.60325416, 
2020-01-17T15:16:00Z,NKE,103.60325416,-1,Market,Filled,-103.60325416, 
2020-01-17T16:41:00Z,NKE,103.274986528,1,Market,Filled,103.274986528, 
2020-01-17T18:06:00Z,NKE,103.483884112,-1,Market,Filled,-103.483884112, 
2020-01-17T18:37:00Z,NKE,103.4540416,1,Market,Filled,103.4540416, 
2020-01-21T14:34:00Z,NKE,103.563464144,1,Market,Filled,103.563464144, 
2020-01-21T14:50:28Z,NKE,103.55351664,1,Market,Filled,103.55351664, 
2020-01-21T15:02:15Z,AAPL,317.305977772,-1,Market,Filled,-317.305977772, 
2020-01-21T15:02:15Z,NKE,103.384409072,1,Market,Filled,103.384409072, 
2020-01-21T15:08:00Z,NKE,103.493831616,-1,Market,Filled,-103.493831616, 
2020-01-21T15:13:00Z,NKE,103.672886688,-1,Market,Filled,-103.672886688, 
2020-01-21T17:18:00Z,NKE,103.961364304,-1,Market,Filled,-103.961364304, 
2020-01-21T18:17:00Z,AAPL,316.201595371,1,Market,Filled,316.201595371, 
2020-01-21T19:20:31Z,NKE,103.90167928,-1,Market,Filled,-103.90167928, 
2020-01-22T14:42:40Z,NKE,104.966062208,-2,Market,Filled,-209.932124416, 
2020-01-22T14:42:40Z,AAPL,316.49012771,1,Market,Filled,316.49012771, 
2020-01-22T15:17:00Z,NKE,104.329421952,1,Market,Filled,104.329421952, 
2020-01-22T17:19:00Z,NKE,104.488582016,1,Market,Filled,104.488582016, 
2020-01-22T18:35:00Z,AAPL,318.062131488,-1,Market,Filled,-318.062131488, 
2020-01-22T18:48:00Z,NKE,104.468687008,1,Market,Filled,104.468687008, 
2020-01-23T14:34:57Z,NKE,103.40430408,1,Market,Filled,103.40430408, 
2020-01-23T14:52:00Z,NKE,103.00640392,1,Market,Filled,103.00640392, 
2020-01-23T15:03:47Z,NKE,103.235196512,-1,Market,Filled,-103.235196512, 
2020-01-23T15:35:48Z,NKE,103.284934032,1,Market,Filled,103.284934032, 
2020-01-23T16:09:00Z,AAPL,316.072253288,-1,Market,Filled,-316.072253288, 
2020-01-23T16:09:00Z,NKE,102.986508912,1,Market,Filled,102.986508912, 
2020-01-23T16:56:40Z,NKE,102.389658672,1,Market,Filled,102.389658672, 
2020-01-23T16:57:45Z,NKE,102.329973648,1,Market,Filled,102.329973648, 
2020-01-23T17:42:56Z,AAPL,316.360785627,-1,Market,Filled,-316.360785627, 
2020-01-23T17:42:56Z,NKE,102.190708592,1,Market,Filled,102.190708592, 
2020-01-23T18:59:00Z,NKE,102.7079788,-1,Market,Filled,-102.7079788, 
2020-01-23T20:01:05Z,NKE,102.638346272,1,Market,Filled,102.638346272, 
2020-01-24T14:31:00Z,NKE,103.195406496,-1,Market,Filled,-103.195406496, 
2020-01-24T14:50:37Z,NKE,102.618451264,3,Market,Filled,307.855353792, 
2020-01-24T14:58:00Z,AAPL,320.66887193,-1,Market,Filled,-320.66887193, 
2020-01-24T14:58:00Z,NKE,102.737821312,1,Market,Filled,102.737821312, 
2020-01-24T16:02:23Z,NKE,102.419501184,1,Market,Filled,102.419501184, 
2020-01-24T16:08:03Z,NKE,102.369763664,1,Market,Filled,102.369763664, 
2020-01-24T16:28:04Z,NKE,102.051443536,-1,Market,Filled,-102.051443536, 
2020-01-24T16:33:16Z,NKE,102.001706016,1,Market,Filled,102.001706016, 
2020-01-24T16:50:00Z,AAPL,320.629074366,-1,Market,Filled,-320.629074366, 
2020-01-24T16:50:00Z,NKE,101.822650944,1,Market,Filled,101.822650944, 
2020-01-24T17:16:00Z,NKE,101.643595872,-1,Market,Filled,-101.643595872, 
2020-01-24T19:16:00Z,NKE,101.36506576,-1,Market,Filled,-101.36506576, 
2020-01-24T20:34:43Z,NKE,101.444645792,-1,Market,Filled,-101.444645792, 
2020-01-24T20:39:00Z,AAPL,316.569722838,1,Market,Filled,316.569722838, 
2020-01-27T14:31:00Z,NKE,97.694436784,1,Market,Filled,97.694436784, 
2020-01-27T14:43:53Z,NKE,98.589712144,-1,Market,Filled,-98.589712144, 
2020-01-27T14:47:08Z,NKE,98.510132112,1,Market,Filled,98.510132112, 
2020-01-27T15:10:53Z,NKE,99.345722448,-1,Market,Filled,-99.345722448, 
2020-01-27T15:19:22Z,NKE,99.2263524,-1,Market,Filled,-99.2263524, 
2020-01-27T15:45:00Z,NKE,99.266142416,-1,Market,Filled,-99.266142416, 
2020-01-27T16:09:00Z,NKE,99.554620032,-1,Market,Filled,-99.554620032, 
2020-01-27T16:09:00Z,AAPL,307.724714239,1,Market,Filled,307.724714239, 
2020-01-27T16:16:17Z,NKE,99.484987504,-1,Market,Filled,-99.484987504, 
2020-01-27T16:20:00Z,NKE,99.465092496,-1,Market,Filled,-99.465092496, 
2020-01-27T16:46:00Z,NKE,99.62425256,1,Market,Filled,99.62425256, 
2020-01-27T17:06:00Z,NKE,99.634200064,1,Market,Filled,99.634200064, 
2020-01-27T19:24:00Z,NKE,99.52477752,1,Market,Filled,99.52477752, 
2020-01-27T19:51:00Z,NKE,99.743622608,-1,Market,Filled,-99.743622608, 
2020-01-27T20:01:00Z,NKE,99.77346512,-1,Market,Filled,-99.77346512, 
2020-01-28T13:05:32Z,NKE,99.803307632,-717,Market On Open,Filled,-71558.971572144, 
2020-01-28T13:05:32Z,AAPL,310.799076058,232,Market On Open,Filled,72105.385645456, 
2020-01-28T14:31:00Z,AAPL,311.246798653,-1,Market,Filled,-311.246798653, 
2020-02-05T12:25:37Z,AAPL,321.86279885,-231,Market On Open,Filled,-74350.30653435, 
2020-02-05T12:25:37Z,NKE,101.31532824,727,Market On Open,Filled,73656.24363048, 
2020-02-05T14:31:00Z,AAPL,322.738345258,-1,Market,Filled,-322.738345258, 
2020-02-05T14:31:00Z,NKE,101.26559072,8,Market,Filled,810.12472576, 
2020-02-05T14:35:00Z,AAPL,322.101584234,-1,Market,Filled,-322.101584234, 
2020-02-05T14:35:00Z,NKE,99.813255136,5,Market,Filled,499.06627568, 
2020-02-05T14:51:00Z,NKE,99.982362704,-1,Market,Filled,-99.982362704, 
2020-02-05T15:39:52Z,NKE,99.116929856,-1,Market,Filled,-99.116929856, 
2020-02-05T15:52:38Z,NKE,99.465092496,-1,Market,Filled,-99.465092496, 
2020-02-05T16:09:01Z,NKE,99.504882512,1,Market,Filled,99.504882512, 
2020-02-05T16:33:30Z,NKE,99.843097648,-1,Market,Filled,-99.843097648, 
2020-02-05T18:40:34Z,NKE,99.882887664,-1,Market,Filled,-99.882887664, 
2020-02-05T21:06:46Z,NKE,100.698582992,1,Market On Open,Filled,100.698582992, 
2020-02-06T14:42:21Z,NKE,100.280787824,-2,Market,Filled,-200.561575648, 
2020-02-06T14:42:21Z,AAPL,318.967526069,1,Market,Filled,318.967526069, 
2020-02-06T14:56:00Z,NKE,100.07189024,2,Market,Filled,200.14378048, 
2020-02-06T15:53:00Z,NKE,99.853045152,1,Market,Filled,99.853045152, 
2020-02-06T16:08:49Z,AAPL,320.032110906,-1,Market,Filled,-320.032110906, 
2020-02-06T17:40:00Z,NKE,99.843097648,1,Market,Filled,99.843097648, 
2020-02-06T18:07:23Z,NKE,99.912730176,1,Market,Filled,99.912730176, 
2020-02-06T18:43:49Z,NKE,99.703832592,1,Market,Filled,99.703832592, 
2020-02-06T19:25:00Z,AAPL,322.85773795,-1,Market,Filled,-322.85773795, 
2020-02-06T19:50:00Z,NKE,99.703832592,1,Market,Filled,99.703832592, 
2020-02-06T20:34:55Z,NKE,99.77346512,-1,Market,Filled,-99.77346512, 
2020-02-06T21:05:23Z,NKE,99.683937584,1,Market On Open,Filled,99.683937584, 
2020-02-07T14:35:03Z,NKE,99.52477752,-3,Market,Filled,-298.57433256, 
2020-02-07T14:47:33Z,NKE,99.067192336,1,Market,Filled,99.067192336, 
2020-02-07T15:06:00Z,NKE,98.987612304,1,Market,Filled,98.987612304, 
2020-02-07T15:36:00Z,NKE,98.937874784,2,Market,Filled,197.875749568, 
2020-02-07T15:42:00Z,NKE,98.699134688,1,Market,Filled,98.699134688, 
2020-02-07T15:45:00Z,AAPL,322.347435288,-1,Market,Filled,-322.347435288, 
2020-02-07T18:14:00Z,NKE,98.947822288,-1,Market,Filled,-98.947822288, 
2020-02-07T18:38:00Z,NKE,99.07713984,-1,Market,Filled,-99.07713984, 
2020-02-07T18:43:00Z,AAPL,320.801619668,1,Market,Filled,320.801619668, 
2020-02-07T19:12:00Z,NKE,98.639449664,-1,Market,Filled,-98.639449664, 
2020-02-07T20:01:00Z,NKE,98.868242256,-1,Market,Filled,-98.868242256, 
2020-02-10T14:31:00Z,NKE,98.639449664,-3,Market,Filled,-295.918348992, 
2020-02-10T14:31:00Z,AAPL,315.077115372,1,Market,Filled,315.077115372, 
2020-02-10T14:58:00Z,NKE,99.564567536,-1,Market,Filled,-99.564567536, 
2020-02-10T15:06:00Z,NKE,99.803307632,-1,Market,Filled,-99.803307632, 
2020-02-10T15:06:00Z,AAPL,317.04179716,1,Market,Filled,317.04179716, 
2020-02-10T15:08:00Z,NKE,99.813255136,-1,Market,Filled,-99.813255136, 
2020-02-10T15:38:00Z,NKE,99.77346512,1,Market,Filled,99.77346512, 
2020-02-10T15:44:00Z,NKE,99.664042576,1,Market,Filled,99.664042576, 
2020-02-10T16:02:00Z,AAPL,318.567666772,-1,Market,Filled,-318.567666772, 
2020-02-10T16:02:00Z,NKE,99.146772368,2,Market,Filled,198.293544736, 
2020-02-10T16:10:00Z,NKE,99.047297328,1,Market,Filled,99.047297328, 
2020-02-10T17:04:00Z,NKE,99.136824864,-1,Market,Filled,-99.136824864, 
2020-02-10T17:39:00Z,NKE,98.888137264,1,Market,Filled,98.888137264, 
2020-02-10T19:21:40Z,NKE,98.788662224,1,Market,Filled,98.788662224, 
2020-02-10T19:51:41Z,NKE,98.719029696,1,Market,Filled,98.719029696, 
2020-02-10T20:01:52Z,AAPL,319.894076304,-1,Market,Filled,-319.894076304, 
2020-02-10T20:42:17Z,NKE,99.186562384,-1,Market,Filled,-99.186562384, 
2020-02-11T14:34:12Z,NKE,99.12687736,2,Market,Filled,198.25375472, 
2020-02-11T14:50:03Z,NKE,99.654095072,-1,Market,Filled,-99.654095072, 
2020-02-11T14:57:55Z,NKE,99.614305056,-1,Market,Filled,-99.614305056, 
2020-02-11T15:37:32Z,NKE,99.37556496,1,Market,Filled,99.37556496, 
2020-02-11T16:07:24Z,NKE,99.256194912,1,Market,Filled,99.256194912, 
2020-02-11T16:44:10Z,NKE,99.256194912,-1,Market,Filled,-99.256194912, 
2020-02-11T19:01:00Z,NKE,99.494935008,-1,Market,Filled,-99.494935008, 
2020-02-11T20:19:00Z,NKE,99.072166088,-1,Market,Filled,-99.072166088, 
2020-02-11T20:34:00Z,NKE,99.146772368,-1,Market,Filled,-99.146772368, 
2020-02-11T20:34:00Z,AAPL,318.049070564,1,Market,Filled,318.049070564, 
2020-02-12T14:26:02Z,NKE,100.201207792,-738,Market On Open,Filled,-73948.491350496, 
2020-02-12T14:26:02Z,AAPL,320.691916624,230,Market On Open,Filled,73759.14082352, 
2020-02-13T14:31:00Z,AAPL,322.507003352,-460,Market,Filled,-148353.22154192, 
2020-02-14T15:47:29Z,AAPL,324.132603004,458,Market,Filled,148452.73217583, 
2020-02-19T10:36:34Z,AAPL,319.156074008,-458,Market On Open,Filled,-146173.48189566, 
2020-02-21T15:45:27Z,NKE,99.833150144,1465,Market,Filled,146255.56496096, 
2020-02-22T00:42:37Z,NKE,94.620658048,-732,Market On Open,Filled,-69262.321691136, 
2020-02-22T00:42:37Z,AAPL,296.487435916,233,Market On Open,Filled,69081.572568428, 
2020-02-24T14:31:00Z,NKE,95.505985904,-14,Market,Filled,-1337.083802656, 
2020-02-24T14:31:00Z,AAPL,290.693120592,5,Market,Filled,1453.46560296, 
2020-02-24T14:32:00Z,AAPL,295.460216504,-2,Market,Filled,-590.920433008, 
2020-02-24T14:32:00Z,NKE,95.505985904,8,Market,Filled,764.047887232, 
2020-02-24T14:33:00Z,AAPL,296.337840856,-1,Market,Filled,-296.337840856, 
2020-02-24T14:33:00Z,NKE,95.555723424,1,Market,Filled,95.555723424, 
2020-02-24T14:40:00Z,AAPL,300.48661052,-1,Market,Filled,-300.48661052, 
2020-02-24T14:40:00Z,NKE,95.69498848,5,Market,Filled,478.4749424, 
2020-02-24T15:18:00Z,NKE,96.361471248,-1,Market,Filled,-96.361471248, 
2020-02-24T15:46:00Z,NKE,95.983466096,-2,Market,Filled,-191.966932192, 
2020-02-24T17:51:00Z,NKE,95.605460944,2,Market,Filled,191.210921888, 
2020-02-24T21:49:49Z,NKE,95.59551344,-1,Market On Open,Filled,-95.59551344, 
2020-02-25T02:00:03Z,NKE,95.59551344,-731,Market On Open,Filled,-69880.32032464, 
2020-02-25T02:00:03Z,AAPL,300.08769036,-234,Market On Open,Filled,-70220.51954424, 
2020-02-25T13:02:17Z,AAPL,300.277177436,468,Market On Open,Filled,140529.71904005, 
2020-02-26T06:21:30Z,AAPL,285.756483612,-1,Market On Open,Filled,-285.756483612, 
2020-02-27T21:41:00Z,AAPL,256.545554896,-467,Market On Open,Filled,-119806.77413643, 
2020-02-29T21:54:37Z,AAPL,281.527929916,437,Market On Open,Filled,123027.70537329, 
2020-03-02T14:31:03Z,AAPL,282.724690396,-11,Market,Filled,-3109.971594356, 
2020-03-04T15:49:00Z,AAPL,294.742160216,-426,Market,Filled,-125560.16025202, 
2020-03-06T14:13:29Z,AAPL,281.93682308,429,Market On Open,Filled,120950.89710132, 
2020-03-06T14:45:23Z,AAPL,284.051099928,15,Market,Filled,4260.76649892, 
2020-03-13T12:34:42Z,AAPL,264.005361888,-444,Market On Open,Filled,-117218.38067827, 
2020-03-14T13:07:06Z,AAPL,241.29683178,423,Market On Open,Filled,102068.55984294, 
2020-03-16T13:31:00Z,AAPL,241.536183876,63,Market,Filled,15216.779584188, 
2020-03-17T14:44:00Z,AAPL,246.173630736,-486,Market,Filled,-119640.3845377, 
2020-03-17T16:43:37Z,AAPL,249.614317116,479,Market,Filled,119565.25789856, 
2020-03-19T18:44:00Z,AAPL,250.681428544,-479,Market,Filled,-120076.40427258, 
2020-03-23T14:36:23Z,AAPL,222.188556116,541,Market,Filled,120204.00885876, 
2020-03-24T20:45:19Z,AAPL,250.292481388,-541,Market On Open,Filled,-135408.23243091, 
2020-03-24T20:45:19Z,NKE,80.269758452,1850,Market On Open,Filled,148499.0531362, 
2020-03-25T13:34:49Z,NKE,77.386949928,-169,Market,Filled,-13078.394537832, 
2020-03-27T16:21:58Z,NKE,82.484234204,-840,Market,Filled,-69286.75673136, 
2020-03-27T16:21:58Z,AAPL,249.534533084,278,Market,Filled,69370.600197352, 
2020-03-27T16:29:40Z,NKE,82.733612104,-2,Market,Filled,-165.467224208, 
2020-03-27T16:41:45Z,NKE,83.132616744,-1,Market,Filled,-83.132616744, 
2020-03-27T17:09:05Z,NKE,82.883238844,1,Market,Filled,82.883238844, 
2020-03-27T17:16:59Z,NKE,82.613910712,1,Market,Filled,82.613910712, 
2020-03-27T19:08:46Z,NKE,84.419406708,-2,Market,Filled,-168.838813416, 
2020-03-27T19:33:04Z,NKE,84.878262044,-3,Market,Filled,-254.634786132, 
2020-03-27T19:33:04Z,AAPL,253.0649765,1,Market,Filled,253.0649765, 
2020-03-27T19:48:20Z,NKE,83.59147208,1,Market,Filled,83.59147208, 
2020-03-27T19:55:56Z,NKE,82.94308954,-3,Market,Filled,-248.82926862, 
2020-03-27T19:55:56Z,AAPL,246.562577892,1,Market,Filled,246.562577892, 
2020-03-30T13:33:05Z,NKE,84.409431592,-2,Market,Filled,-168.818863184, 
2020-03-30T13:42:52Z,AAPL,250.382238424,-2,Market,Filled,-500.764476848, 
2020-03-30T13:42:52Z,NKE,82.7934628,9,Market,Filled,745.1411652, 
2020-03-30T13:59:00Z,NKE,82.015403752,2,Market,Filled,164.030807504, 
2020-03-30T14:00:00Z,NKE,82.49420932,-2,Market,Filled,-164.98841864, 
2020-03-30T14:03:23Z,AAPL,249.145585928,-1,Market,Filled,-249.145585928, 
2020-03-30T14:03:23Z,NKE,81.486722604,5,Market,Filled,407.43361302, 
2020-03-30T14:10:00Z,NKE,82.135105144,-2,Market,Filled,-164.270210288, 
2020-03-30T14:14:00Z,NKE,82.254806536,-1,Market,Filled,-82.254806536, 
2020-03-30T14:19:00Z,NKE,82.733612104,-1,Market,Filled,-82.733612104, 
2020-03-30T14:24:14Z,NKE,82.623885828,1,Market,Filled,82.623885828, 
2020-03-30T14:30:00Z,NKE,82.683736524,-1,Market,Filled,-82.683736524, 
2020-03-30T14:42:45Z,NKE,83.471770688,-1,Market,Filled,-83.471770688, 
2020-03-30T14:42:45Z,AAPL,251.818351,1,Market,Filled,251.818351, 
2020-03-30T14:47:00Z,NKE,83.012915352,1,Market,Filled,83.012915352, 
2020-03-30T14:58:17Z,NKE,83.561546732,-4,Market,Filled,-334.246186928, 
2020-03-30T14:58:17Z,AAPL,250.601644512,1,Market,Filled,250.601644512, 
2020-03-30T15:26:00Z,NKE,84.678759724,-4,Market,Filled,-338.715038896, 
2020-03-30T15:26:00Z,AAPL,251.638836928,1,Market,Filled,251.638836928, 
2020-03-30T15:57:00Z,NKE,84.529132984,1,Market,Filled,84.529132984, 
2020-03-30T16:01:39Z,NKE,84.18997904,1,Market,Filled,84.18997904, 
2020-03-30T16:03:00Z,NKE,84.319655548,-1,Market,Filled,-84.319655548, 
2020-03-30T16:24:00Z,NKE,84.618909028,-1,Market,Filled,-84.618909028, 
2020-03-30T16:57:00Z,NKE,84.918162508,1,Market,Filled,84.918162508, 
2020-03-30T17:26:06Z,NKE,84.170028808,2,Market,Filled,168.340057616, 
2020-03-30T18:04:31Z,NKE,84.479257404,-1,Market,Filled,-84.479257404, 
2020-03-30T18:46:38Z,NKE,85.097714596,-1,Market,Filled,-85.097714596, 
2020-03-30T18:55:00Z,NKE,84.73861042,1,Market,Filled,84.73861042, 
2020-03-30T19:09:00Z,NKE,84.997963436,-1,Market,Filled,-84.997963436, 
2020-03-30T19:34:00Z,NKE,84.798461116,-1,Market,Filled,-84.798461116, 
2020-03-30T19:41:00Z,NKE,85.0378639,1,Market,Filled,85.0378639, 
2020-03-30T19:56:00Z,NKE,84.93811274,1,Market,Filled,84.93811274, 
2020-03-31T13:31:00Z,AAPL,253.852843816,-1,Market,Filled,-253.852843816, 
2020-03-31T13:31:00Z,NKE,84.419406708,3,Market,Filled,253.258220124, 
2020-03-31T13:33:00Z,AAPL,254.521035084,-2,Market,Filled,-509.042070168, 
2020-03-31T13:33:00Z,NKE,83.59147208,5,Market,Filled,417.9573604, 
2020-03-31T13:34:00Z,NKE,83.7909744,-1,Market,Filled,-83.7909744, 
2020-03-31T13:37:37Z,NKE,83.74109882,2,Market,Filled,167.48219764, 
2020-03-31T13:43:00Z,NKE,83.771024168,1,Market,Filled,83.771024168, 
2020-03-31T14:04:00Z,NKE,83.731123704,-1,Market,Filled,-83.731123704, 
2020-03-31T14:21:51Z,AAPL,259.058751904,-1,Market,Filled,-259.058751904, 
2020-03-31T14:21:51Z,NKE,84.399456476,2,Market,Filled,168.798912952, 
2020-03-31T14:25:00Z,AAPL,260.484891476,-1,Market,Filled,-260.484891476, 
2020-03-31T14:25:00Z,NKE,84.010426952,4,Market,Filled,336.041707808, 
2020-03-31T14:33:00Z,NKE,84.748585536,-1,Market,Filled,-84.748585536, 
2020-03-31T14:43:00Z,NKE,84.88823716,-3,Market,Filled,-254.66471148, 
2020-03-31T14:50:33Z,NKE,85.327142264,-2,Market,Filled,-170.654284528, 
2020-03-31T14:50:33Z,AAPL,260.105917324,1,Market,Filled,260.105917324, 
2020-03-31T14:53:44Z,NKE,85.43686854,-1,Market,Filled,-85.43686854, 
2020-03-31T14:58:45Z,NKE,84.788486,1,Market,Filled,84.788486, 
2020-03-31T15:01:00Z,NKE,84.479257404,1,Market,Filled,84.479257404, 
2020-03-31T15:23:21Z,AAPL,258.869264828,-1,Market,Filled,-258.869264828, 
2020-03-31T15:23:21Z,NKE,83.900700676,3,Market,Filled,251.702102028, 
2020-03-31T15:29:00Z,NKE,84.479257404,-1,Market,Filled,-84.479257404, 
2020-03-31T15:39:19Z,NKE,84.529132984,-1,Market,Filled,-84.529132984, 
2020-03-31T15:40:32Z,AAPL,258.988940876,1,Market,Filled,258.988940876, 
2020-03-31T15:57:00Z,NKE,84.409431592,-1,Market,Filled,-84.409431592, 
2020-03-31T16:07:00Z,NKE,84.479257404,-1,Market,Filled,-84.479257404, 
2020-03-31T16:12:00Z,NKE,84.249829736,2,Market,Filled,168.499659472, 
2020-03-31T16:34:00Z,NKE,83.571521848,-1,Market,Filled,-83.571521848, 
2020-03-31T16:40:00Z,NKE,83.362044412,-1,Market,Filled,-83.362044412, 
2020-03-31T17:37:00Z,NKE,83.910675792,-1,Market,Filled,-83.910675792, 
2020-03-31T18:14:32Z,NKE,84.224891946,-2,Market,Filled,-168.449783892, 
2020-03-31T18:14:32Z,AAPL,255.189226352,1,Market,Filled,255.189226352, 
2020-03-31T18:41:00Z,NKE,84.5391081,-1,Market,Filled,-84.5391081, 
2020-03-31T19:01:12Z,NKE,84.150078576,1,Market,Filled,84.150078576, 
2020-03-31T19:41:29Z,NKE,83.232367904,2,Market,Filled,166.464735808, 
2020-03-31T20:38:09Z,AAPL,245.864467612,-1,Market On Open,Filled,-245.864467612, 
2020-03-31T20:38:09Z,NKE,79.65130126,3,Market On Open,Filled,238.95390378, 
2020-04-01T13:37:00Z,AAPL,247.190877144,-2,Market,Filled,-494.381754288, 
2020-04-01T13:37:00Z,NKE,79.092694764,8,Market,Filled,632.741558112, 
2020-04-01T13:38:00Z,AAPL,247.709473352,-1,Market,Filled,-247.709473352, 
2020-04-01T13:38:00Z,NKE,78.8034164,2,Market,Filled,157.6068328, 
2020-04-01T14:12:32Z,NKE,79.880728928,-8,Market,Filled,-639.045831424, 
2020-04-01T14:12:32Z,AAPL,246.213522752,2,Market,Filled,492.427045504, 
2020-04-01T14:14:00Z,NKE,79.711151956,1,Market,Filled,79.711151956, 
2020-04-01T14:18:00Z,NKE,79.860778696,-1,Market,Filled,-79.860778696, 
2020-04-01T14:22:00Z,NKE,80.070256132,-1,Market,Filled,-80.070256132, 
2020-04-01T14:31:00Z,NKE,80.24980822,-1,Market,Filled,-80.24980822, 
2020-04-01T14:31:00Z,AAPL,245.63508852,1,Market,Filled,245.63508852, 
2020-04-01T15:26:00Z,NKE,80.5490617,-1,Market,Filled,-80.5490617, 
2020-04-01T15:40:00Z,NKE,80.040330784,1,Market,Filled,80.040330784, 
2020-04-01T16:11:00Z,NKE,79.481724288,1,Market,Filled,79.481724288, 
2020-04-01T16:15:33Z,NKE,79.371998012,1,Market,Filled,79.371998012, 
2020-04-01T16:39:00Z,NKE,79.162520576,-2,Market,Filled,-158.325041152, 
2020-04-01T16:54:57Z,NKE,79.112644996,-1,Market,Filled,-79.112644996, 
2020-04-01T17:02:47Z,NKE,78.933092908,1,Market,Filled,78.933092908, 
2020-04-01T17:14:45Z,NKE,78.893192444,1,Market,Filled,78.893192444, 
2020-04-01T17:42:26Z,NKE,78.95304314,-1,Market,Filled,-78.95304314, 
2020-04-01T18:28:51Z,NKE,78.963018256,-1,Market,Filled,-78.963018256, 
2020-04-01T18:35:00Z,NKE,78.992943604,-1,Market,Filled,-78.992943604, 
2020-04-01T19:23:00Z,NKE,78.843316864,-1,Market,Filled,-78.843316864, 
2020-04-01T19:25:00Z,NKE,78.85329198,-1,Market,Filled,-78.85329198, 
2020-04-01T19:25:00Z,AAPL,239.661259124,1,Market,Filled,239.661259124, 
2020-04-02T13:41:13Z,NKE,79.721127072,-3,Market,Filled,-239.163381216, 
2020-04-02T13:41:13Z,AAPL,240.419207428,1,Market,Filled,240.419207428, 
2020-04-02T14:13:49Z,NKE,79.840828464,-1,Market,Filled,-79.840828464, 
2020-04-02T14:25:30Z,NKE,80.339584264,-2,Market,Filled,-160.679168528, 
2020-04-02T14:25:30Z,AAPL,240.64858652,1,Market,Filled,240.64858652, 
2020-04-02T16:14:00Z,NKE,80.638837744,1,Market,Filled,80.638837744, 
2020-04-02T16:55:00Z,NKE,80.319634032,1,Market,Filled,80.319634032, 
2020-04-02T16:57:00Z,AAPL,241.915158028,-1,Market,Filled,-241.915158028, 
2020-04-02T16:57:00Z,NKE,80.15005706,1,Market,Filled,80.15005706, 
2020-04-02T17:08:00Z,AAPL,241.94507704,-1,Market,Filled,-241.94507704, 
2020-04-02T17:08:00Z,NKE,79.641326144,3,Market,Filled,238.923978432, 
2020-04-02T17:13:00Z,NKE,79.461774056,-1,Market,Filled,-79.461774056, 
2020-04-02T17:43:00Z,AAPL,239.721097148,-1,Market,Filled,-239.721097148, 
2020-04-02T17:43:00Z,NKE,78.095183164,5,Market,Filled,390.47591582, 
2020-04-02T18:19:00Z,NKE,77.636327828,-2,Market,Filled,-155.272655656, 
2020-04-02T18:29:00Z,NKE,78.145058744,-2,Market,Filled,-156.290117488, 
2020-04-02T18:29:00Z,AAPL,237.6068203,1,Market,Filled,237.6068203, 
2020-04-02T18:49:00Z,NKE,78.783466168,-1,Market,Filled,-78.783466168, 
2020-04-02T18:51:00Z,NKE,78.873242212,-1,Market,Filled,-78.873242212, 
2020-04-02T19:01:00Z,NKE,79.65130126,-840,Market,Filled,-66907.0930584, 
2020-04-02T19:01:00Z,AAPL,240.718397548,278,Market,Filled,66919.714518344, 
2020-04-03T14:46:00Z,AAPL,241.705724944,-555,Market,Filled,-134146.67734392, 
2020-04-08T15:38:11Z,AAPL,264.813175212,507,Market,Filled,134260.27983248, 
2020-04-09T16:52:00Z,AAPL,265.740664584,-507,Market,Filled,-134730.51694409, 
2020-04-09T19:14:53Z,AAPL,266.538504904,505,Market,Filled,134601.94497652, 
2020-04-14T23:04:01Z,AAPL,281.557848928,-505,Market On Open,Filled,-142186.71370864, 
2020-04-15T12:51:55Z,AAPL,281.63763296,505,Market On Open,Filled,142227.0046448, 
2020-04-23T20:32:52Z,AAPL,276.282129812,-252,Market On Open,Filled,-69623.096712624, 
2020-04-23T20:32:52Z,NKE,88.7785324,795,Market On Open,Filled,70578.933258, 
2020-04-24T13:31:00Z,NKE,88.2797766,-5,Market,Filled,-441.398883, 
2020-04-24T13:31:00Z,AAPL,277.339268236,-1,Market,Filled,-277.339268236, 
2020-04-24T13:38:04Z,AAPL,277.668377368,-1,Market,Filled,-277.668377368, 
2020-04-24T13:38:04Z,NKE,88.000473352,1,Market,Filled,88.000473352, 
2020-04-24T13:45:00Z,NKE,87.93064754,1,Market,Filled,87.93064754, 
2020-04-24T13:51:26Z,NKE,87.711194988,1,Market,Filled,87.711194988, 
2020-04-24T13:58:50Z,NKE,87.960572888,-1,Market,Filled,-87.960572888, 
2020-04-24T14:10:00Z,NKE,87.461817088,1,Market,Filled,87.461817088, 
2020-04-24T14:46:27Z,NKE,88.499229152,-1,Market,Filled,-88.499229152, 
2020-04-24T15:02:37Z,NKE,87.950597772,1,Market,Filled,87.950597772, 
2020-04-24T15:59:00Z,NKE,88.100224512,-1,Market,Filled,-88.100224512, 
2020-04-24T16:29:00Z,NKE,88.08027428,1,Market,Filled,88.08027428, 
2020-04-24T16:50:47Z,NKE,88.120174744,1,Market,Filled,88.120174744, 
2020-04-24T16:51:22Z,AAPL,279.862438248,-1,Market,Filled,-279.862438248, 
2020-04-24T17:03:00Z,NKE,87.960572888,1,Market,Filled,87.960572888, 
2020-04-24T18:01:00Z,NKE,88.47927892,-1,Market,Filled,-88.47927892, 
2020-04-24T18:27:57Z,NKE,88.569054964,-1,Market,Filled,-88.569054964, 
2020-04-24T19:31:30Z,NKE,88.509204268,1,Market,Filled,88.509204268, 
2020-04-24T19:47:00Z,NKE,88.539129616,1,Market,Filled,88.539129616, 
2020-04-24T19:51:26Z,NKE,88.269801484,1,Market,Filled,88.269801484, 
2020-04-24T20:03:00Z,NKE,88.72865682,1,Market On Open,Filled,88.72865682, 
2020-04-27T13:39:00Z,NKE,88.160075208,-2,Market,Filled,-176.320150416, 
2020-04-27T13:49:00Z,AAPL,280.460818488,-1,Market,Filled,-280.460818488, 
2020-04-27T13:49:00Z,NKE,87.401966392,3,Market,Filled,262.205899176, 
2020-04-27T13:52:00Z,NKE,87.252339652,2,Market,Filled,174.504679304, 
2020-04-27T13:54:00Z,AAPL,282.18614818,-1,Market,Filled,-282.18614818, 
2020-04-27T13:54:00Z,NKE,87.122663144,2,Market,Filled,174.245326288, 
2020-04-27T13:59:00Z,NKE,87.646356734,-1,Market,Filled,-87.646356734, 
2020-04-27T14:07:00Z,NKE,87.491742436,1,Market,Filled,87.491742436, 
2020-04-27T14:19:00Z,NKE,87.73114522,-1,Market,Filled,-87.73114522, 
2020-04-27T14:26:00Z,NKE,87.591493596,-1,Market,Filled,-87.591493596, 
2020-04-27T14:43:00Z,NKE,87.691244756,-1,Market,Filled,-87.691244756, 
2020-04-27T14:46:00Z,NKE,87.5316429,-1,Market,Filled,-87.5316429, 
2020-04-27T14:47:00Z,AAPL,280.54060252,1,Market,Filled,280.54060252, 
2020-04-27T15:03:00Z,NKE,88.120174744,-3,Market,Filled,-264.360524232, 
2020-04-27T15:29:00Z,AAPL,282.325770236,1,Market,Filled,282.325770236, 
2020-04-27T15:55:00Z,NKE,88.818432864,-1,Market,Filled,-88.818432864, 
2020-04-27T16:08:00Z,NKE,88.808457748,-1,Market,Filled,-88.808457748, 
2020-04-27T16:22:00Z,NKE,89.037885416,-1,Market,Filled,-89.037885416, 
2020-04-27T17:09:00Z,NKE,89.107711228,-1,Market,Filled,-89.107711228, 
2020-04-27T17:09:00Z,AAPL,280.4907375,1,Market,Filled,280.4907375, 
2020-04-27T17:29:00Z,NKE,89.337138896,-1,Market,Filled,-89.337138896, 
2020-04-27T18:25:00Z,NKE,89.357089128,1,Market,Filled,89.357089128, 
2020-04-27T19:27:00Z,NKE,89.2772882,1,Market,Filled,89.2772882, 
2020-04-27T20:01:36Z,NKE,90.544127932,1,Market On Open,Filled,90.544127932, 
2020-04-28T09:24:52Z,NKE,90.0254219,-793,Market On Open,Filled,-71390.1595667, 
2020-04-28T09:24:52Z,AAPL,284.230614,249,Market On Open,Filled,70773.422886, 
2020-04-28T13:32:50Z,AAPL,284.310398032,1,Market,Filled,284.310398032, 
2020-05-28T21:56:52Z,AAPL,319.23,-501,Market On Open,Filled,-159934.23, 
2020-05-29T20:26:23Z,AAPL,317.86,503,Market On Open,Filled,159883.58, 
2020-05-29T22:10:09Z,AAPL,317.75,-252,Market On Open,Filled,-80073, 
2020-05-29T22:10:09Z,NKE,98.7,812,Market On Open,Filled,80144.4, 
2020-06-01T13:36:29Z,NKE,98.28,1,Market,Filled,98.28, 
2020-06-01T14:43:00Z,NKE,99.33,-1,Market,Filled,-99.33, 
2020-06-01T15:46:00Z,NKE,98.76,1,Market,Filled,98.76, 
2020-06-01T15:53:00Z,NKE,98.74,1,Market,Filled,98.74, 
2020-06-01T16:13:00Z,NKE,99.08,-1,Market,Filled,-99.08, 
2020-06-01T16:28:00Z,NKE,99.31,-1,Market,Filled,-99.31, 
2020-06-01T16:58:52Z,NKE,99.66,-1,Market,Filled,-99.66, 
2020-06-01T17:17:00Z,NKE,99.51,1,Market,Filled,99.51, 
2020-06-01T17:26:56Z,NKE,99.4,1,Market,Filled,99.4, 
2020-06-02T13:54:00Z,NKE,99.49,-1,Market,Filled,-99.49, 
2020-06-02T14:35:47Z,NKE,99.91,-1,Market,Filled,-99.91, 
2020-06-02T15:12:00Z,NKE,99.74,-2,Market,Filled,-199.48, 
2020-06-02T15:12:00Z,AAPL,319.55,1,Market,Filled,319.55, 
2020-06-02T16:14:31Z,NKE,100.14,-1,Market,Filled,-100.14, 
2020-06-02T17:27:00Z,NKE,100.24,1,Market,Filled,100.24, 
2020-06-02T18:03:04Z,NKE,100.72,-1,Market,Filled,-100.72, 
2020-06-02T20:06:34Z,NKE,101.97,1,Market On Open,Filled,101.97, 
2020-06-03T13:37:00Z,NKE,101.27,-2,Market,Filled,-202.54, 
2020-06-03T13:43:00Z,AAPL,323.94,1,Market,Filled,323.94, 
2020-06-03T14:04:54Z,NKE,102,-1,Market,Filled,-102, 
2020-06-03T14:11:29Z,NKE,102.16,-1,Market,Filled,-102.16, 
2020-06-03T14:14:00Z,NKE,102.41,-2,Market,Filled,-204.82, 
2020-06-03T14:14:00Z,AAPL,323.19,1,Market,Filled,323.19, 
2020-06-03T14:33:16Z,NKE,102.8,-1,Market,Filled,-102.8, 
2020-06-03T14:36:00Z,NKE,102.66,-802,Market,Filled,-82333.32, 
2020-06-03T14:36:00Z,AAPL,323.93,254,Market,Filled,82278.22, 
2020-06-12T00:33:22Z,AAPL,344.6,-253,Market On Open,Filled,-87183.8, 
2020-06-12T00:33:22Z,NKE,97.82,896,Market On Open,Filled,87646.72, 
2020-06-12T13:36:42Z,AAPL,345.06,-2,Market,Filled,-690.12, 
2020-06-12T13:36:42Z,NKE,96.81,5,Market,Filled,484.05, 
2020-06-12T13:45:00Z,NKE,97.16,2,Market,Filled,194.32, 
2020-06-12T14:04:00Z,NKE,97.1,-1,Market,Filled,-97.1, 
2020-06-12T14:18:58Z,NKE,96.69,-1,Market,Filled,-96.69, 
2020-06-12T14:20:00Z,NKE,96.6,-1,Market,Filled,-96.6, 
2020-06-12T14:41:37Z,NKE,96.54,-3,Market,Filled,-289.62, 
2020-06-12T14:41:37Z,AAPL,340.73,1,Market,Filled,340.73, 
2020-06-12T15:30:45Z,NKE,95.355,1,Market,Filled,95.355, 
2020-06-12T15:50:00Z,NKE,96.08,1,Market,Filled,96.08, 
2020-06-12T16:11:00Z,NKE,96.69,-1,Market,Filled,-96.69, 
2020-06-12T16:20:00Z,NKE,96.7,1,Market,Filled,96.7, 
2020-06-12T16:49:00Z,NKE,95.8,-1,Market,Filled,-95.8, 
2020-06-12T17:13:00Z,NKE,95.83,-1,Market,Filled,-95.83, 
2020-06-12T17:55:00Z,NKE,95.19,-1,Market,Filled,-95.19, 
2020-06-12T18:38:00Z,NKE,95.82,1,Market,Filled,95.82, 
2020-06-12T19:01:00Z,AAPL,339.19,-254,Market,Filled,-86154.26, 
2020-06-12T19:01:00Z,NKE,95.91,897,Market,Filled,86031.27, 
2020-06-13T01:06:53Z,NKE,93.56,-1794,Market On Open,Filled,-167846.64, 
2020-06-13T11:58:35Z,AAPL,333.29,511,Market On Open,Filled,170311.19, 
2020-06-15T13:31:00Z,AAPL,334.64,-7,Market,Filled,-2342.48, 
2020-06-17T19:13:12Z,AAPL,353.31,-252,Market,Filled,-89034.12, 
2020-06-17T19:13:12Z,NKE,99.49,894,Market,Filled,88944.06, 
2020-06-18T13:35:00Z,AAPL,352.2,-1,Market,Filled,-352.2, 
2020-06-18T13:35:00Z,NKE,98.15,5,Market,Filled,490.75, 
2020-06-18T13:48:00Z,NKE,98.47,-1,Market,Filled,-98.47, 
2020-06-18T14:06:35Z,NKE,98.66,-1,Market,Filled,-98.66, 
2020-06-18T14:18:00Z,NKE,98.78,-1,Market,Filled,-98.78, 
2020-06-18T14:38:00Z,NKE,99.11,-2,Market,Filled,-198.22, 
2020-06-18T14:38:00Z,AAPL,351.71,1,Market,Filled,351.71, 
2020-06-18T15:10:00Z,NKE,99.11,1,Market,Filled,99.11, 
2020-06-18T16:56:00Z,NKE,99.27,-1,Market,Filled,-99.27, 
2020-06-18T18:55:31Z,NKE,98.65,1,Market,Filled,98.65, 
2020-06-18T19:45:03Z,NKE,98.34,1,Market,Filled,98.34, 
2020-06-18T19:52:16Z,NKE,98.21,1,Market,Filled,98.21, 
2020-06-19T14:04:58Z,AAPL,354.82,-1,Market,Filled,-354.82, 
2020-06-19T14:04:58Z,NKE,99.03,1,Market,Filled,99.03, 
2020-06-19T14:13:10Z,NKE,98.81,2,Market,Filled,197.62, 
2020-06-19T14:48:20Z,NKE,98.58,-1,Market,Filled,-98.58, 
2020-06-19T14:54:59Z,NKE,98.47,1,Market,Filled,98.47, 
2020-06-19T15:09:02Z,AAPL,354.62,-1,Market,Filled,-354.62, 
2020-06-19T15:09:02Z,NKE,98.16,2,Market,Filled,196.32, 
2020-06-19T15:45:35Z,NKE,98.1,-1,Market,Filled,-98.1, 
2020-06-19T15:57:20Z,NKE,98.29,-1,Market,Filled,-98.29, 
2020-06-19T18:21:32Z,NKE,96.61,-1,Market,Filled,-96.61, 
2020-06-19T18:35:00Z,NKE,96.865,-1,Market,Filled,-96.865, 
2020-06-19T18:40:00Z,AAPL,346.94,1,Market,Filled,346.94, 
2020-06-19T18:47:25Z,NKE,97.14,-1,Market,Filled,-97.14, 
2020-06-19T19:17:56Z,NKE,97.35,1,Market,Filled,97.35, 
2020-06-19T19:38:00Z,NKE,96.76,1,Market,Filled,96.76, 
2020-06-19T19:46:00Z,AAPL,348.65,-1,Market,Filled,-348.65, 
2020-06-19T19:46:00Z,NKE,96.63,2,Market,Filled,193.26, 
2020-06-19T19:53:00Z,NKE,96.38,2,Market,Filled,192.76, 
2020-06-19T19:57:49Z,NKE,96.27,1,Market,Filled,96.27, 
2020-06-19T20:01:27Z,AAPL,351.3,-1,Market On Open,Filled,-351.3, 
2020-06-19T20:01:27Z,NKE,97.14,2,Market On Open,Filled,194.28, 
2020-06-22T13:37:24Z,NKE,96.73,1,Market,Filled,96.73, 
2020-06-22T13:39:25Z,AAPL,353.26,-1,Market,Filled,-353.26, 
2020-06-22T13:39:25Z,NKE,96.46,1,Market,Filled,96.46, 
2020-06-22T13:54:00Z,NKE,96.71,1,Market,Filled,96.71, 
2020-06-22T14:01:00Z,NKE,96.49,1,Market,Filled,96.49, 
2020-06-22T14:09:00Z,NKE,96.88,-1,Market,Filled,-96.88, 
2020-06-22T14:31:00Z,NKE,97.08,-1,Market,Filled,-97.08, 
2020-06-22T15:06:00Z,NKE,97.26,-2,Market,Filled,-194.52, 
2020-06-22T16:28:48Z,NKE,98.35,-1,Market,Filled,-98.35, 
2020-06-22T16:28:48Z,AAPL,357.33,1,Market,Filled,357.33, 
2020-06-22T16:42:00Z,NKE,98.47,-1,Market,Filled,-98.47, 
2020-06-22T16:48:00Z,NKE,98.665,-1,Market,Filled,-98.665, 
2020-06-22T17:06:00Z,NKE,98.91,-1,Market,Filled,-98.91, 
2020-06-22T18:03:00Z,NKE,98.5,1,Market,Filled,98.5, 
2020-06-22T19:44:55Z,NKE,99.19,-1,Market,Filled,-99.19, 
2020-06-22T20:03:07Z,NKE,101.01,-902,Market On Open,Filled,-91111.02, 
2020-06-22T20:03:07Z,AAPL,364,250,Market On Open,Filled,91000, 
2020-06-23T13:38:00Z,AAPL,363.18,1,Market,Filled,363.18, 
2020-06-30T14:04:00Z,AAPL,364.4,-500,Market,Filled,-182200, 
2020-06-30T17:48:28Z,AAPL,362.87,502,Market,Filled,182160.74, 
2020-07-02T21:13:46Z,AAPL,369.95,-502,Market On Open,Filled,-185714.9, 
2020-07-03T08:11:35Z,AAPL,370,502,Market On Open,Filled,185740, 
2020-07-09T04:07:00Z,AAPL,385.01,-502,Market On Open,Filled,-193275.02, 
2020-07-09T16:12:53Z,AAPL,382.78,505,Market,Filled,193303.9, 
2020-07-16T22:11:49Z,AAPL,387.5,-505,Market On Open,Filled,-195687.5, 
2020-07-17T11:19:20Z,AAPL,387.95,505,Market On Open,Filled,195914.75, 
2020-07-19T07:52:51Z,AAPL,385.54,-252,Market On Open,Filled,-97156.08, 
2020-07-19T07:52:51Z,NKE,95.63,1008,Market On Open,Filled,96395.04, 
2020-07-20T13:31:00Z,NKE,95.63,8,Market,Filled,765.04, 
2020-07-20T13:44:00Z,NKE,95.86,-1,Market,Filled,-95.86, 
2020-07-20T13:51:00Z,NKE,95.48,2,Market,Filled,190.96, 
2020-07-20T13:53:33Z,AAPL,385,-1,Market,Filled,-385, 
2020-07-20T14:00:00Z,NKE,95.28,1,Market,Filled,95.28, 
2020-07-20T14:09:00Z,NKE,95.37,1,Market,Filled,95.37, 
2020-07-20T14:18:00Z,NKE,95.37,2,Market,Filled,190.74, 
2020-07-20T14:26:00Z,NKE,95.575,-1,Market,Filled,-95.575, 
2020-07-20T14:40:00Z,NKE,95.82,-1,Market,Filled,-95.82, 
2020-07-20T15:17:00Z,NKE,95.96,1,Market,Filled,95.96, 
2020-07-20T15:30:00Z,NKE,96.23,-1,Market,Filled,-96.23, 
2020-07-20T15:42:00Z,NKE,96.05,1,Market,Filled,96.05, 
2020-07-20T16:09:57Z,NKE,96.13,-1,Market,Filled,-96.13, 
2020-07-20T16:53:00Z,NKE,96.12,1,Market,Filled,96.12, 
2020-07-20T17:38:59Z,NKE,96.21,-1,Market,Filled,-96.21, 
2020-07-20T18:06:00Z,NKE,96.24,1,Market,Filled,96.24, 
2020-07-20T18:29:00Z,NKE,96.06,1,Market,Filled,96.06, 
2020-07-20T18:35:00Z,AAPL,390.87,-1,Market,Filled,-390.87, 
2020-07-20T19:03:00Z,NKE,95.95,1,Market,Filled,95.95, 
2020-07-20T19:17:00Z,NKE,95.87,1,Market,Filled,95.87, 
2020-07-20T19:29:26Z,NKE,95.9,1,Market,Filled,95.9, 
2020-07-20T19:37:00Z,NKE,95.91,1,Market,Filled,95.91, 
2020-07-20T19:48:52Z,AAPL,393.15,-1,Market,Filled,-393.15, 
2020-07-20T20:02:29Z,NKE,97,1,Market On Open,Filled,97, 
2020-07-21T13:36:00Z,NKE,96.56,-3,Market,Filled,-289.68, 
2020-07-21T13:52:00Z,NKE,96.8,-2,Market,Filled,-193.6, 
2020-07-21T13:52:00Z,AAPL,393.27,1,Market,Filled,393.27, 
2020-07-21T14:04:57Z,NKE,97.21,-1,Market,Filled,-97.21, 
2020-07-21T14:06:00Z,NKE,97.44,-2,Market,Filled,-194.88, 
2020-07-21T14:12:55Z,NKE,97.51,-1,Market,Filled,-97.51, 
2020-07-21T14:12:55Z,AAPL,393.35,1,Market,Filled,393.35, 
2020-07-21T14:22:00Z,NKE,97.46,1,Market,Filled,97.46, 
2020-07-21T14:46:00Z,NKE,97.22,-1,Market,Filled,-97.22, 
2020-07-21T15:16:53Z,NKE,98.11,-5,Market,Filled,-490.55, 
2020-07-21T15:16:53Z,AAPL,391.86,1,Market,Filled,391.86, 
2020-07-21T15:18:20Z,NKE,98.26,-1,Market,Filled,-98.26, 
2020-07-21T15:35:41Z,NKE,98.58,-1,Market,Filled,-98.58, 
2020-07-21T15:35:41Z,AAPL,391.66,1,Market,Filled,391.66, 
2020-07-21T15:42:01Z,NKE,98.55,-1,Market,Filled,-98.55, 
2020-07-21T15:47:00Z,NKE,98.63,-1,Market,Filled,-98.63, 
2020-07-21T16:10:00Z,NKE,98.49,-1,Market,Filled,-98.49, 
2020-07-21T16:56:00Z,NKE,98.72,-1,Market,Filled,-98.72, 
2020-07-21T17:48:00Z,NKE,98.81,1,Market,Filled,98.81, 
2020-07-21T18:13:00Z,NKE,98.97,1,Market,Filled,98.97, 
2020-07-21T19:06:00Z,NKE,98.81,-1,Market,Filled,-98.81, 
2020-07-21T20:27:39Z,NKE,97.76,-1,Market On Open,Filled,-97.76, 
2020-07-22T10:21:38Z,AAPL,386.66,-254,Market On Open,Filled,-98211.64, 
2020-07-22T10:21:38Z,NKE,98.4,1004,Market On Open,Filled,98793.6, 
2020-07-22T11:10:13Z,NKE,97.76,-1004,Market On Open,Filled,-98151.04, 
2020-07-22T11:10:13Z,AAPL,386.93,254,Market On Open,Filled,98280.22, 
2020-07-22T13:36:16Z,NKE,98.28,-3,Market,Filled,-294.84, 
2020-07-22T13:38:51Z,NKE,98.55,-3,Market,Filled,-295.65, 
2020-07-22T13:48:42Z,NKE,98.52,1,Market,Filled,98.52, 
2020-07-22T13:52:51Z,NKE,98.51,2,Market,Filled,197.02, 
2020-07-22T13:57:27Z,NKE,98.58,1,Market,Filled,98.58, 
2020-07-22T14:24:04Z,NKE,98.96,-2,Market,Filled,-197.92, 
2020-07-22T15:18:28Z,NKE,98.43,-1,Market,Filled,-98.43, 
2020-07-22T15:36:00Z,NKE,98.55,1,Market,Filled,98.55, 
2020-07-22T16:12:25Z,NKE,98.36,1,Market,Filled,98.36, 
2020-07-22T16:32:11Z,NKE,98.43,-1,Market,Filled,-98.43, 
2020-07-22T18:39:36Z,NKE,98.01,1,Market,Filled,98.01, 
2020-07-22T18:52:10Z,NKE,98.2,-1,Market,Filled,-98.2, 
2020-07-22T19:58:51Z,NKE,98.91,-1,Market,Filled,-98.91, 
2020-07-23T13:31:00Z,NKE,98.35,-1,Market,Filled,-98.35, 
2020-07-23T13:37:00Z,NKE,99.44,-4,Market,Filled,-397.76, 
2020-07-23T13:37:00Z,AAPL,387.19,1,Market,Filled,387.19, 
2020-07-23T13:39:00Z,NKE,99.54,-1,Market,Filled,-99.54, 
2020-07-23T13:53:00Z,NKE,99.82,-1,Market,Filled,-99.82, 
2020-07-23T13:53:00Z,AAPL,387.11,1,Market,Filled,387.11, 
2020-07-23T14:00:00Z,NKE,99.86,-1,Market,Filled,-99.86, 
2020-07-23T14:08:00Z,NKE,99.86,-1,Market,Filled,-99.86, 
2020-07-23T14:14:00Z,NKE,99.74,-1,Market,Filled,-99.74, 
2020-07-23T14:47:00Z,NKE,99.91,-1,Market,Filled,-99.91, 
2020-07-23T14:47:00Z,AAPL,384.48,1,Market,Filled,384.48, 
2020-07-23T15:13:00Z,NKE,99.71,-1,Market,Filled,-99.71, 
2020-07-23T15:41:00Z,NKE,99.87,-1,Market,Filled,-99.87, 
2020-07-23T16:01:00Z,NKE,100.11,-2,Market,Filled,-200.22, 
2020-07-23T16:01:00Z,AAPL,382.16,1,Market,Filled,382.16, 
2020-07-23T16:05:00Z,NKE,99.88,-1,Market,Filled,-99.88, 
2020-07-23T16:33:00Z,NKE,99.75,-1,Market,Filled,-99.75, 
2020-07-23T16:40:00Z,NKE,99.58,-2,Market,Filled,-199.16, 
2020-07-23T16:40:00Z,AAPL,377.37,1,Market,Filled,377.37, 
2020-07-23T16:50:00Z,NKE,99.56,1,Market,Filled,99.56, 
2020-07-23T17:02:00Z,NKE,99.16,2,Market,Filled,198.32, 
2020-07-23T17:10:00Z,AAPL,379.53,-1,Market,Filled,-379.53, 
2020-07-23T17:10:00Z,NKE,99.17,1,Market,Filled,99.17, 
2020-07-23T17:24:00Z,NKE,98.97,-1,Market,Filled,-98.97, 
2020-07-23T17:32:00Z,NKE,98.92,1,Market,Filled,98.92, 
2020-07-23T17:37:30Z,NKE,98.82,-1,Market,Filled,-98.82, 
2020-07-23T17:44:13Z,NKE,98.48,-2,Market,Filled,-196.96, 
2020-07-23T17:48:00Z,NKE,98.57,1,Market,Filled,98.57, 
2020-07-23T18:00:00Z,NKE,98.42,-1,Market,Filled,-98.42, 
2020-07-23T18:10:30Z,NKE,98.24,-2,Market,Filled,-196.48, 
2020-07-23T18:10:30Z,AAPL,371.18,1,Market,Filled,371.18, 
2020-07-23T18:16:54Z,NKE,97.89,-1,Market,Filled,-97.89, 
2020-07-23T18:23:27Z,NKE,98.05,1,Market,Filled,98.05, 
2020-07-23T19:12:17Z,NKE,97.96,-3,Market,Filled,-293.88, 
2020-07-23T19:12:17Z,AAPL,368.28,1,Market,Filled,368.28, 
2020-07-23T19:18:33Z,NKE,98.23,1,Market,Filled,98.23, 
2020-07-23T19:46:59Z,NKE,98.25,1,Market,Filled,98.25, 
2020-07-24T17:16:00Z,NKE,98.43,-7,Market,Filled,-689.01, 
2020-07-24T17:16:00Z,AAPL,365.93,1,Market,Filled,365.93, 
2020-07-24T17:38:00Z,NKE,98.57,1,Market,Filled,98.57, 
2020-07-24T17:40:00Z,NKE,98.49,1,Market,Filled,98.49, 
2020-07-24T17:44:57Z,NKE,98.5,1,Market,Filled,98.5, 
2020-07-24T17:50:00Z,NKE,98.71,1,Market,Filled,98.71, 
2020-07-24T18:24:00Z,NKE,98.77,-1,Market,Filled,-98.77, 
2020-07-24T19:17:00Z,NKE,98.76,1,Market,Filled,98.76, 
2020-07-24T20:11:46Z,AAPL,374.64,-1,Market On Open,Filled,-374.64, 
2020-07-24T20:11:46Z,NKE,96.96,1,Market On Open,Filled,96.96, 
2020-07-27T13:37:14Z,AAPL,377.73,-3,Market,Filled,-1133.19, 
2020-07-27T13:37:14Z,NKE,97.51,14,Market,Filled,1365.14, 
2020-07-27T13:56:12Z,NKE,97.94,-1,Market,Filled,-97.94, 
2020-07-27T14:04:59Z,NKE,97.66,2,Market,Filled,195.32, 
2020-07-27T14:10:04Z,NKE,97.66,-2,Market,Filled,-195.32, 
2020-07-27T14:15:25Z,NKE,97.77,-1,Market,Filled,-97.77, 
2020-07-27T14:26:23Z,NKE,98.19,-1,Market,Filled,-98.19, 
2020-07-27T14:36:00Z,NKE,98.16,-1,Market,Filled,-98.16, 
2020-07-27T14:47:37Z,NKE,98.24,1,Market,Filled,98.24, 
2020-07-27T14:51:27Z,NKE,98.31,-1,Market,Filled,-98.31, 
2020-07-27T15:58:00Z,NKE,97.76,1,Market,Filled,97.76, 
2020-07-27T17:27:58Z,NKE,97.73,2,Market,Filled,195.46, 
2020-07-27T17:53:00Z,NKE,97.6,1,Market,Filled,97.6, 
2020-07-27T18:06:07Z,AAPL,378.67,-1,Market,Filled,-378.67, 
2020-07-27T18:06:07Z,NKE,97.37,2,Market,Filled,194.74, 
2020-07-27T19:52:00Z,NKE,97.21,1,Market,Filled,97.21, 
2020-07-28T13:38:00Z,NKE,96.84,-2,Market,Filled,-193.68, 
2020-07-28T13:48:16Z,NKE,96.65,1,Market,Filled,96.65, 
2020-07-28T13:52:00Z,NKE,96.57,-1,Market,Filled,-96.57, 
2020-07-28T14:05:00Z,NKE,97,-1,Market,Filled,-97, 
2020-07-28T14:11:00Z,NKE,97.14,-1,Market,Filled,-97.14, 
2020-07-28T14:18:00Z,NKE,97.2,-1,Market,Filled,-97.2, 
2020-07-28T14:19:00Z,AAPL,374.24,1,Market,Filled,374.24, 
2020-07-28T14:27:00Z,NKE,96.85,2,Market,Filled,193.7, 
2020-07-28T14:38:00Z,NKE,96.9,-1,Market,Filled,-96.9, 
2020-07-28T14:48:00Z,AAPL,375.12,-1,Market,Filled,-375.12, 
2020-07-28T14:48:00Z,NKE,96.51,3,Market,Filled,289.53, 
2020-07-28T15:40:08Z,NKE,96.99,-1,Market,Filled,-96.99, 
2020-07-28T15:48:20Z,NKE,96.96,-1,Market,Filled,-96.96, 
2020-07-28T16:16:55Z,NKE,96.81,1,Market,Filled,96.81, 
2020-07-28T17:36:57Z,NKE,96.86,1,Market,Filled,96.86, 
2020-07-28T17:38:49Z,NKE,96.77,1,Market,Filled,96.77, 
2020-07-28T17:46:44Z,NKE,96.66,1,Market,Filled,96.66, 
2020-07-28T18:12:25Z,NKE,96.82,-1,Market,Filled,-96.82, 
2020-07-28T19:08:43Z,NKE,96.65,-1,Market,Filled,-96.65, 
2020-07-28T20:04:28Z,NKE,96.1,-1,Market On Open,Filled,-96.1, 
2020-07-29T14:05:25Z,NKE,97.27,1,Market,Filled,97.27, 
2020-07-29T15:39:00Z,NKE,97.06,1,Market,Filled,97.06, 
2020-07-29T16:10:00Z,NKE,96.9,-1,Market,Filled,-96.9, 
2020-07-29T16:17:00Z,NKE,96.88,1,Market,Filled,96.88, 
2020-07-29T17:25:00Z,NKE,96.64,1,Market,Filled,96.64, 
2020-07-29T18:13:00Z,AAPL,378.25,-1,Market,Filled,-378.25, 
2020-07-29T18:13:00Z,NKE,96.51,2,Market,Filled,193.02, 
2020-07-29T18:35:00Z,NKE,96.68,1,Market,Filled,96.68, 
2020-07-30T13:13:24Z,AAPL,376.73,-255,Market On Open,Filled,-96066.15, 
2020-07-30T13:13:24Z,NKE,96.68,997,Market On Open,Filled,96389.96, 
2020-07-30T13:59:01Z,NKE,95.93,-5,Market,Filled,-479.65, 
2020-07-30T17:28:42Z,NKE,97.09,-995,Market,Filled,-96604.55, 
2020-07-30T17:28:42Z,AAPL,382.94,252,Market,Filled,96500.88, 
2020-07-30T17:35:42Z,NKE,97.05,-2,Market,Filled,-194.1, 
2020-07-30T18:01:15Z,NKE,97.16,1,Market,Filled,97.16, 
2020-07-30T18:42:32Z,NKE,97.11,1,Market,Filled,97.11, 
2020-07-30T19:07:37Z,NKE,96.68,1,Market,Filled,96.68, 
2020-07-30T21:10:59Z,NKE,97,2,Market On Open,Filled,194, 
2020-07-31T13:31:40Z,AAPL,409.66,-8,Market,Filled,-3277.28, 
2020-07-31T13:31:40Z,NKE,96.91,32,Market,Filled,3101.12, 
2020-07-31T13:32:21Z,NKE,97,-1,Market,Filled,-97, 
2020-07-31T13:35:06Z,NKE,97.32,-4,Market,Filled,-389.28, 
2020-07-31T13:35:06Z,AAPL,407.37,1,Market,Filled,407.37, 
2020-07-31T13:37:07Z,NKE,96.99,-1,Market,Filled,-96.99, 
2020-07-31T13:38:01Z,NKE,97.03,-1,Market,Filled,-97.03, 
2020-07-31T13:40:13Z,NKE,96.83,1,Market,Filled,96.83, 
2020-07-31T13:42:38Z,NKE,96.67,4,Market,Filled,386.68, 
2020-07-31T13:47:36Z,AAPL,409.33,-1,Market,Filled,-409.33, 
2020-07-31T13:47:36Z,NKE,96.81,2,Market,Filled,193.62, 
2020-07-31T14:00:00Z,NKE,96.78,1,Market,Filled,96.78, 
2020-07-31T14:12:18Z,NKE,96.43,-2,Market,Filled,-192.86, 
2020-07-31T14:15:36Z,NKE,96.78,-2,Market,Filled,-193.56, 
2020-07-31T14:36:05Z,NKE,96.48,1,Market,Filled,96.48, 
2020-07-31T14:51:34Z,NKE,96.59,2,Market,Filled,193.18, 
2020-07-31T14:59:42Z,NKE,96.55,1,Market,Filled,96.55, 
2020-07-31T15:13:13Z,NKE,96.68,1,Market,Filled,96.68, 
2020-07-31T15:21:21Z,NKE,96.75,1,Market,Filled,96.75, 
2020-07-31T15:34:12Z,AAPL,411.03,-1,Market,Filled,-411.03, 
2020-07-31T15:43:43Z,NKE,96.86,-1,Market,Filled,-96.86, 
2020-07-31T16:06:55Z,NKE,96.58,1,Market,Filled,96.58, 
2020-07-31T16:15:31Z,NKE,96.76,-1,Market,Filled,-96.76, 
2020-07-31T16:23:00Z,NKE,96.68,-1,Market,Filled,-96.68, 
2020-07-31T16:28:38Z,NKE,96.78,1,Market,Filled,96.78, 
2020-07-31T16:36:15Z,NKE,96.53,-1,Market,Filled,-96.53, 
2020-07-31T16:54:11Z,NKE,96.38,1,Market,Filled,96.38, 
2020-07-31T17:21:25Z,NKE,96.52,1,Market,Filled,96.52, 
2020-07-31T17:36:00Z,NKE,96.53,1,Market,Filled,96.53, 
2020-07-31T17:42:00Z,NKE,96.54,1,Market,Filled,96.54, 
2020-07-31T18:34:45Z,NKE,96.71,1,Market,Filled,96.71, 
2020-07-31T18:54:30Z,NKE,97.02,1,Market,Filled,97.02, 
2020-07-31T19:05:41Z,AAPL,418.22,-1,Market,Filled,-418.22, 
2020-07-31T19:05:41Z,NKE,97.13,2,Market,Filled,194.26, 
2020-07-31T19:08:00Z,NKE,97.07,1,Market,Filled,97.07, 
2020-07-31T19:09:47Z,NKE,97.07,1,Market,Filled,97.07, 
2020-07-31T19:15:00Z,AAPL,419.67,-1,Market,Filled,-419.67, 
2020-07-31T19:15:00Z,NKE,96.94,1,Market,Filled,96.94, 
2020-07-31T19:26:36Z,NKE,96.99,1,Market,Filled,96.99, 
2020-07-31T19:28:46Z,NKE,96.95,1,Market,Filled,96.95, 
2020-07-31T19:42:45Z,AAPL,423.89,-1,Market,Filled,-423.89, 
2020-07-31T19:42:45Z,NKE,97.01,3,Market,Filled,291.03, 
2020-07-31T19:46:24Z,NKE,97.23,-2,Market,Filled,-194.46, 
2020-07-31T19:53:26Z,NKE,97.24,1,Market,Filled,97.24, 
